Tx 0.00351032 1 1 1 32 
Tx 0.00351448 1 2 1 32 
Tx 2.00031 1 2 3 286 
Rx 2.00061 1 2 3 286 303640
Tx 2.00101 1 1 3 90 
Rx 2.00131 1 1 3 90 299792
Tx 2.50171 1 2 3 58 
Rx 2.50201 1 2 3 58 304004
Tx 2.50241 1 1 3 58 
Rx 2.50271 1 1 3 58 299844
Tx 2.50312 1 2 3 54 
Tx 2.50313 1 2 3 1554 
Rx 2.50341 1 2 3 54 287370
Rx 2.50341 1 2 3 1554 284895
Tx 2.50381 1 1 3 54 
Rx 2.50411 1 1 3 54 299850
Tx 2.50433 1 2 3 1554 
Tx 2.50433 1 2 3 1554 
Rx 2.50461 1 2 3 1554 289130
Rx 2.50461 1 2 3 1554 287855
Tx 2.50502 1 1 3 54 
Tx 2.50502 1 1 3 54 
Rx 2.50531 1 1 3 54 291530
Rx 2.50531 1 1 3 54 291455
Tx 2.50553 1 2 3 1554 
Tx 2.50553 1 2 3 1554 
Tx 2.50563 1 2 3 1554 
Tx 2.50563 1 2 3 1554 
Rx 2.50581 1 2 3 1554 289130
Rx 2.50581 1 2 3 1554 287855
Rx 2.50601 1 2 3 1554 380810
Rx 2.50601 1 2 3 1554 379535
Tx 2.50622 1 1 3 54 
Tx 2.50622 1 1 3 54 
Tx 2.50622 1 1 3 54 
Tx 2.50622 1 1 3 54 
Rx 2.50661 1 1 3 54 391530
Rx 2.50661 1 1 3 54 391455
Rx 2.50661 1 1 3 54 391380
Rx 2.50661 1 1 3 54 391305
Tx 2.50705 1 2 3 1554 
Tx 2.50706 1 2 3 1554 
Tx 2.50706 1 2 3 1554 
Tx 2.50706 1 2 3 1554 
Tx 2.50706 1 2 3 1554 
Tx 2.50706 1 2 3 1554 
Tx 2.50706 1 2 3 1554 
Tx 2.50706 1 2 3 1554 
Rx 2.50734 1 2 3 1554 280810
Rx 2.50734 1 2 3 1554 279535
Rx 2.50734 1 2 3 1554 278260
Rx 2.50734 1 2 3 1554 276985
Rx 2.50734 1 2 3 1554 275710
Rx 2.50734 1 2 3 1554 274435
Rx 2.50734 1 2 3 1554 273160
Rx 2.50741 1 2 3 1554 346925
Tx 2.50774 1 1 3 54 
Tx 2.50774 1 1 3 54 
Tx 2.50774 1 1 3 54 
Tx 2.50774 1 1 3 54 
Tx 2.50774 1 1 3 54 
Tx 2.50774 1 1 3 54 
Tx 2.50774 1 1 3 54 
Tx 2.50774 1 1 3 54 
Rx 2.50801 1 1 3 54 270730
Rx 2.50801 1 1 3 54 270655
Rx 2.50801 1 1 3 54 270580
Rx 2.50801 1 1 3 54 270505
Rx 2.50801 1 1 3 54 270430
Rx 2.50801 1 1 3 54 270355
Rx 2.50801 1 1 3 54 270280
Rx 2.50814 1 1 3 54 399325
Tx 2.5086 1 2 3 1554 
Tx 2.5086 1 2 3 1554 
Tx 2.5086 1 2 3 1554 
Tx 2.5086 1 2 3 1554 
Tx 2.50861 1 2 3 1554 
Tx 2.50861 1 2 3 1554 
Tx 2.50861 1 2 3 1554 
Tx 2.50861 1 2 3 1554 
Tx 2.50861 1 2 3 1554 
Tx 2.50861 1 2 3 1554 
Tx 2.50861 1 2 3 1554 
Tx 2.50861 1 2 3 1554 
Tx 2.50862 1 2 3 1554 
Tx 2.50862 1 2 3 1554 
Tx 2.50862 1 2 3 1554 
Tx 2.50862 1 2 3 1554 
Rx 2.50895 1 2 3 1554 351690
Rx 2.50895 1 2 3 1554 350415
Rx 2.50895 1 2 3 1554 349140
Rx 2.50895 1 2 3 1554 347865
Rx 2.50895 1 2 3 1554 346590
Rx 2.50895 1 2 3 1554 345315
Rx 2.50895 1 2 3 1554 344040
Rx 2.50895 1 2 3 1554 342765
Rx 2.50895 1 2 3 1554 341490
Rx 2.50895 1 2 3 1554 340215
Rx 2.50895 1 2 3 1554 338940
Rx 2.50895 1 2 3 1554 337665
Rx 2.50902 1 2 3 1554 403110
Rx 2.50902 1 2 3 1554 401835
Rx 2.50902 1 2 3 1554 400560
Rx 2.50902 1 2 3 1554 399285
Tx 2.50935 1 1 3 54 
Tx 2.50935 1 1 3 54 
Tx 2.50935 1 1 3 54 
Tx 2.50935 1 1 3 54 
Tx 2.50935 1 1 3 54 
Tx 2.50935 1 1 3 54 
Tx 2.50935 1 1 3 54 
Tx 2.50935 1 1 3 54 
Tx 2.50935 1 1 3 54 
Tx 2.50935 1 1 3 54 
Tx 2.50935 1 1 3 54 
Tx 2.50935 1 1 3 54 
Tx 2.50935 1 1 3 54 
Tx 2.50935 1 1 3 54 
Tx 2.50935 1 1 3 54 
Tx 2.50935 1 1 3 54 
Rx 2.50965 1 1 3 54 295690
Rx 2.50965 1 1 3 54 295615
Rx 2.50965 1 1 3 54 295540
Rx 2.50965 1 1 3 54 295465
Rx 2.50965 1 1 3 54 295390
Rx 2.50965 1 1 3 54 295315
Rx 2.50965 1 1 3 54 295240
Rx 2.50965 1 1 3 54 295165
Rx 2.50965 1 1 3 54 295090
Rx 2.50965 1 1 3 54 295015
Rx 2.50965 1 1 3 54 294940
Rx 2.50965 1 1 3 54 294865
Rx 2.50965 1 1 3 54 294790
Rx 2.50965 1 1 3 54 294715
Rx 2.50965 1 1 3 54 294640
Rx 2.50971 1 1 3 54 357125
Tx 2.51 1 2 3 1554 
Tx 2.51 1 2 3 1554 
Tx 2.51 1 2 3 1554 
Tx 2.51 1 2 3 1554 
Tx 2.51 1 2 3 1554 
Tx 2.51 1 2 3 1554 
Tx 2.51 1 2 3 1554 
Tx 2.51 1 2 3 1554 
Tx 2.51001 1 2 3 1554 
Tx 2.51001 1 2 3 1554 
Tx 2.51001 1 2 3 1554 
Tx 2.51001 1 2 3 1554 
Tx 2.51001 1 2 3 1554 
Tx 2.51001 1 2 3 1554 
Tx 2.51001 1 2 3 1554 
Tx 2.51002 1 2 3 1554 
Tx 2.51002 1 2 3 1554 
Tx 2.51002 1 2 3 1554 
Tx 2.51002 1 2 3 1554 
Tx 2.51002 1 2 3 1554 
Tx 2.51002 1 2 3 1554 
Tx 2.51002 1 2 3 1554 
Tx 2.5101 1 2 3 1554 
Tx 2.5101 1 2 3 1554 
Tx 2.5101 1 2 3 1554 
Tx 2.5101 1 2 3 1554 
Tx 2.51011 1 2 3 1554 
Tx 2.51011 1 2 3 1554 
Tx 2.51011 1 2 3 1554 
Tx 2.51011 1 2 3 1554 
Tx 2.51011 1 2 3 1554 
Tx 2.51011 1 2 3 1554 
Rx 2.51022 1 2 3 1554 226730
Rx 2.51022 1 2 3 1554 225455
Rx 2.51022 1 2 3 1554 224180
Rx 2.51022 1 2 3 1554 222905
Rx 2.51045 1 2 3 1554 446590
Rx 2.51045 1 2 3 1554 445315
Rx 2.51045 1 2 3 1554 444040
Rx 2.51045 1 2 3 1554 442765
Rx 2.51045 1 2 3 1554 441490
Rx 2.51045 1 2 3 1554 440215
Rx 2.51045 1 2 3 1554 438940
Rx 2.51045 1 2 3 1554 437665
Rx 2.51045 1 2 3 1554 436390
Rx 2.51045 1 2 3 1554 435115
Rx 2.51045 1 2 3 1554 433840
Tx 2.51046 1 1 3 54 
Tx 2.51046 1 1 3 54 
Tx 2.51046 1 1 3 54 
Tx 2.51046 1 1 3 54 
Rx 2.51055 1 2 3 1554 532565
Rx 2.51055 1 2 3 1554 531290
Rx 2.51055 1 2 3 1554 530015
Rx 2.51055 1 2 3 1554 528740
Rx 2.51055 1 2 3 1554 527465
Rx 2.51055 1 2 3 1554 526190
Rx 2.51055 1 2 3 1554 524915
Rx 2.51055 1 2 3 1554 447530
Rx 2.51055 1 2 3 1554 446255
Rx 2.51055 1 2 3 1554 444980
Rx 2.51055 1 2 3 1554 443705
Rx 2.51063 1 2 3 1554 521630
Rx 2.51063 1 2 3 1554 520355
Rx 2.51063 1 2 3 1554 519080
Rx 2.51063 1 2 3 1554 517805
Rx 2.51063 1 2 3 1554 516530
Rx 2.51063 1 2 3 1554 515255
Rx 2.51075 1 1 3 54 295690
Rx 2.51075 1 1 3 54 295615
Rx 2.51075 1 1 3 54 295540
Rx 2.51075 1 1 3 54 295465
Tx 2.51076 1 1 3 54 
Tx 2.51076 1 1 3 54 
Tx 2.51076 1 1 3 54 
Tx 2.51076 1 1 3 54 
Tx 2.51076 1 1 3 54 
Tx 2.51076 1 1 3 54 
Tx 2.51076 1 1 3 54 
Tx 2.51076 1 1 3 54 
Tx 2.51076 1 1 3 54 
Tx 2.51076 1 1 3 54 
Tx 2.51076 1 1 3 54 
Tx 2.51076 1 1 3 54 
Tx 2.51076 1 1 3 54 
Tx 2.51076 1 1 3 54 
Tx 2.51076 1 1 3 54 
Tx 2.51076 1 1 3 54 
Tx 2.51076 1 1 3 54 
Tx 2.51076 1 1 3 54 
Tx 2.51076 1 1 3 54 
Tx 2.51076 1 1 3 54 
Tx 2.51076 1 1 3 54 
Tx 2.51076 1 1 3 54 
Tx 2.5111 1 2 3 1554 
Tx 2.5111 1 2 3 1554 
Tx 2.5111 1 2 3 1554 
Tx 2.5111 1 2 3 1554 
Tx 2.5111 1 2 3 1554 
Tx 2.5111 1 2 3 1554 
Tx 2.5111 1 2 3 1554 
Tx 2.5111 1 2 3 1554 
Tx 2.51111 1 1 3 54 
Tx 2.51111 1 1 3 54 
Tx 2.51111 1 1 3 54 
Tx 2.51111 1 1 3 54 
Tx 2.51111 1 1 3 54 
Tx 2.51111 1 1 3 54 
Rx 2.51111 1 1 3 54 354090
Rx 2.51111 1 1 3 54 354015
Rx 2.51111 1 1 3 54 353940
Rx 2.51111 1 1 3 54 353865
Rx 2.51111 1 1 3 54 353790
Rx 2.51111 1 1 3 54 353715
Rx 2.51111 1 1 3 54 353640
Rx 2.51111 1 1 3 54 353565
Rx 2.51111 1 1 3 54 353490
Rx 2.51111 1 1 3 54 353415
Rx 2.51111 1 1 3 54 353340
Rx 2.51111 1 1 3 54 353265
Rx 2.51111 1 1 3 54 353190
Rx 2.51111 1 1 3 54 353115
Rx 2.51111 1 1 3 54 353040
Rx 2.51111 1 1 3 54 352965
Rx 2.51111 1 1 3 54 352890
Rx 2.51111 1 1 3 54 352815
Rx 2.51111 1 1 3 54 352740
Rx 2.51111 1 1 3 54 352665
Rx 2.51111 1 1 3 54 352590
Rx 2.51121 1 1 3 54 452515
Rx 2.51144 1 2 3 1554 343370
Rx 2.51144 1 2 3 1554 342095
Rx 2.51144 1 2 3 1554 340820
Rx 2.51144 1 2 3 1554 339545
Rx 2.51144 1 2 3 1554 338270
Rx 2.51144 1 2 3 1554 336995
Rx 2.51144 1 2 3 1554 335720
Tx 2.51148 1 2 3 1554 
Tx 2.51148 1 2 3 1554 
Tx 2.51148 1 2 3 1554 
Tx 2.51148 1 2 3 1554 
Tx 2.51148 1 2 3 1554 
Tx 2.51148 1 2 3 1554 
Tx 2.51148 1 2 3 1554 
Tx 2.51148 1 2 3 1554 
Tx 2.51149 1 2 3 1554 
Rx 2.51151 1 2 3 1554 405325
Tx 2.5116 1 2 3 1554 
Tx 2.5116 1 2 3 1554 
Tx 2.5116 1 2 3 1554 
Tx 2.5116 1 2 3 1554 
Tx 2.51161 1 2 3 1554 
Tx 2.51161 1 2 3 1554 
Tx 2.51161 1 2 3 1554 
Tx 2.51161 1 2 3 1554 
Tx 2.51161 1 2 3 1554 
Tx 2.51161 1 2 3 1554 
Tx 2.51161 1 2 3 1554 
Tx 2.51161 1 2 3 1554 
Tx 2.51162 1 2 3 1554 
Tx 2.51162 1 2 3 1554 
Tx 2.51162 1 2 3 1554 
Tx 2.51162 1 2 3 1554 
Tx 2.51162 1 2 3 1554 
Tx 2.51162 1 2 3 1554 
Tx 2.51162 1 2 3 1554 
Tx 2.51162 1 2 3 1554 
Rx 2.51165 1 1 3 54 542690
Rx 2.51165 1 1 3 54 542615
Rx 2.51165 1 1 3 54 542540
Rx 2.51165 1 1 3 54 542465
Rx 2.51165 1 1 3 54 542390
Rx 2.51165 1 1 3 54 542315
Tx 2.5117 1 2 3 1554 
Tx 2.5117 1 2 3 1554 
Tx 2.5117 1 2 3 1554 
Tx 2.5117 1 2 3 1554 
Tx 2.51171 1 2 3 1554 
Tx 2.51171 1 2 3 1554 
Tx 2.51171 1 2 3 1554 
Tx 2.51171 1 2 3 1554 
Tx 2.51171 1 2 3 1554 
Tx 2.51171 1 2 3 1554 
Tx 2.51171 1 2 3 1554 
Tx 2.51171 1 2 3 1554 
Tx 2.51172 1 2 3 1554 
Tx 2.51172 1 2 3 1554 
Tx 2.5118 1 2 3 1554 
Tx 2.51182 1 1 3 54 
Tx 2.51182 1 1 3 54 
Tx 2.51182 1 1 3 54 
Tx 2.51182 1 1 3 54 
Tx 2.51182 1 1 3 54 
Tx 2.51182 1 1 3 54 
Tx 2.51182 1 1 3 54 
Tx 2.51182 1 1 3 54 
Rx 2.51194 1 2 3 1554 468330
Rx 2.51194 1 2 3 1554 467055
Rx 2.51194 1 2 3 1554 465780
Rx 2.51194 1 2 3 1554 464505
Rx 2.51194 1 2 3 1554 463230
Rx 2.51194 1 2 3 1554 461955
Rx 2.51194 1 2 3 1554 460680
Rx 2.51194 1 2 3 1554 459405
Rx 2.51194 1 2 3 1554 458130
Rx 2.51194 1 2 3 1554 343370
Rx 2.51205 1 2 3 1554 450415
Rx 2.51205 1 2 3 1554 449140
Rx 2.51205 1 2 3 1554 447865
Rx 2.51205 1 2 3 1554 446590
Rx 2.51205 1 2 3 1554 445315
Rx 2.51205 1 2 3 1554 444040
Rx 2.51205 1 2 3 1554 442765
Rx 2.51205 1 2 3 1554 441490
Rx 2.51205 1 2 3 1554 440215
Rx 2.51205 1 2 3 1554 438940
Rx 2.51205 1 2 3 1554 437665
Rx 2.51215 1 2 3 1554 536390
Rx 2.51215 1 2 3 1554 535115
Rx 2.51215 1 2 3 1554 533840
Rx 2.51215 1 2 3 1554 532565
Rx 2.51215 1 2 3 1554 531290
Rx 2.51215 1 2 3 1554 530015
Rx 2.51215 1 2 3 1554 528740
Rx 2.51215 1 2 3 1554 527465
Rx 2.51215 1 2 3 1554 451690
Rx 2.51215 1 2 3 1554 450415
Rx 2.51215 1 2 3 1554 449140
Rx 2.51215 1 2 3 1554 447865
Rx 2.51231 1 1 3 54 491530
Rx 2.51231 1 1 3 54 491455
Rx 2.51231 1 1 3 54 491380
Rx 2.51231 1 1 3 54 491305
Rx 2.51231 1 1 3 54 491230
Rx 2.51231 1 1 3 54 491155
Rx 2.51231 1 1 3 54 491080
Tx 2.5124 1 1 3 54 
Tx 2.5124 1 1 3 54 
Tx 2.5124 1 1 3 54 
Tx 2.5124 1 1 3 54 
Tx 2.5124 1 1 3 54 
Tx 2.5124 1 1 3 54 
Tx 2.5124 1 1 3 54 
Tx 2.5124 1 1 3 54 
Tx 2.5124 1 1 3 54 
Tx 2.5124 1 1 3 54 
Tx 2.5124 1 1 3 54 
Tx 2.5124 1 1 3 54 
Tx 2.5124 1 1 3 54 
Tx 2.5124 1 1 3 54 
Tx 2.5124 1 1 3 54 
Tx 2.5124 1 1 3 54 
Tx 2.5124 1 1 3 54 
Tx 2.5124 1 1 3 54 
Tx 2.5124 1 1 3 54 
Tx 2.5124 1 1 3 54 
Tx 2.5124 1 1 3 54 
Tx 2.5124 1 1 3 54 
Tx 2.5124 1 1 3 54 
Tx 2.5124 1 1 3 54 
Tx 2.5124 1 1 3 54 
Tx 2.5124 1 1 3 54 
Tx 2.5124 1 1 3 54 
Tx 2.5124 1 1 3 54 
Tx 2.5124 1 1 3 54 
Tx 2.5124 1 1 3 54 
Tx 2.5124 1 1 3 54 
Tx 2.5124 1 1 3 54 
Tx 2.5124 1 1 3 54 
Tx 2.51257 1 2 3 1554 
Tx 2.51257 1 2 3 1554 
Tx 2.51257 1 2 3 1554 
Tx 2.51257 1 2 3 1554 
Tx 2.51258 1 2 3 1554 
Tx 2.51258 1 2 3 1554 
Tx 2.51258 1 2 3 1554 
Tx 2.51258 1 2 3 1554 
Tx 2.51258 1 2 3 1554 
Tx 2.51258 1 2 3 1554 
Tx 2.51258 1 2 3 1554 
Tx 2.51259 1 2 3 1554 
Tx 2.51259 1 2 3 1554 
Tx 2.51259 1 2 3 1554 
Rx 2.51261 1 1 3 54 791005
Rx 2.51261 1 1 3 54 212490
Rx 2.51261 1 1 3 54 212415
Rx 2.51261 1 1 3 54 212340
Rx 2.51261 1 1 3 54 212265
Rx 2.51261 1 1 3 54 212190
Rx 2.51261 1 1 3 54 212115
Rx 2.51261 1 1 3 54 212040
Rx 2.51261 1 1 3 54 211965
Rx 2.51261 1 1 3 54 211890
Rx 2.51261 1 1 3 54 211815
Rx 2.51261 1 1 3 54 211740
Rx 2.51261 1 1 3 54 211665
Rx 2.51261 1 1 3 54 211590
Rx 2.51261 1 1 3 54 211515
Rx 2.51261 1 1 3 54 211440
Rx 2.51261 1 1 3 54 211365
Rx 2.51261 1 1 3 54 211290
Rx 2.51261 1 1 3 54 211215
Rx 2.51261 1 1 3 54 211140
Rx 2.51261 1 1 3 54 211065
Rx 2.51261 1 1 3 54 210990
Rx 2.51261 1 1 3 54 210915
Rx 2.51261 1 1 3 54 210840
Rx 2.51261 1 1 3 54 210765
Rx 2.51261 1 1 3 54 210690
Rx 2.51261 1 1 3 54 210615
Rx 2.51261 1 1 3 54 210540
Rx 2.51261 1 1 3 54 210465
Tx 2.51266 1 2 3 1554 
Tx 2.51266 1 2 3 1554 
Tx 2.51266 1 2 3 1554 
Tx 2.51266 1 2 3 1554 
Tx 2.51266 1 2 3 1554 
Tx 2.51267 1 2 3 1554 
Tx 2.51267 1 2 3 1554 
Tx 2.51267 1 2 3 1554 
Tx 2.51267 1 2 3 1554 
Tx 2.51267 1 2 3 1554 
Tx 2.51267 1 2 3 1554 
Tx 2.51267 1 2 3 1554 
Rx 2.51271 1 1 3 54 310390
Rx 2.51271 1 1 3 54 310315
Rx 2.51271 1 1 3 54 310240
Rx 2.51271 1 1 3 54 310165
Rx 2.51271 1 1 3 54 310090
Rx 2.51286 1 2 3 1554 1150750
Rx 2.51286 1 2 3 1554 1149475
Rx 2.51286 1 2 3 1554 1148200
Rx 2.51286 1 2 3 1554 1146925
Rx 2.51286 1 2 3 1554 1145650
Rx 2.51286 1 2 3 1554 1144375
Rx 2.51286 1 2 3 1554 1143100
Rx 2.51286 1 2 3 1554 1141825
Rx 2.51286 1 2 3 1554 1140550
Rx 2.51286 1 2 3 1554 1139275
Rx 2.51286 1 2 3 1554 1060010
Rx 2.51296 1 2 3 1554 384970
Rx 2.51296 1 2 3 1554 383695
Rx 2.51296 1 2 3 1554 382420
Rx 2.51296 1 2 3 1554 381145
Rx 2.51296 1 2 3 1554 379870
Rx 2.51296 1 2 3 1554 378595
Rx 2.51296 1 2 3 1554 377320
Rx 2.51296 1 2 3 1554 376045
Rx 2.51296 1 2 3 1554 374770
Rx 2.51296 1 2 3 1554 373495
Rx 2.51296 1 2 3 1554 372220
Rx 2.51296 1 2 3 1554 370945
Tx 2.513 1 2 3 1554 
Tx 2.513 1 2 3 1554 
Tx 2.513 1 2 3 1554 
Tx 2.513 1 2 3 1554 
Tx 2.51301 1 2 3 1554 
Tx 2.51301 1 2 3 1554 
Tx 2.51301 1 2 3 1554 
Tx 2.51301 1 2 3 1554 
Tx 2.51301 1 2 3 1554 
Tx 2.51301 1 2 3 1554 
Tx 2.51301 1 2 3 1554 
Rx 2.51305 1 2 3 1554 465510
Rx 2.51305 1 2 3 1554 464235
Rx 2.51305 1 2 3 1554 393290
Rx 2.51305 1 2 3 1554 392015
Rx 2.51305 1 2 3 1554 390740
Rx 2.51305 1 2 3 1554 389465
Rx 2.51305 1 2 3 1554 388190
Rx 2.51305 1 2 3 1554 386915
Rx 2.51305 1 2 3 1554 385640
Rx 2.51305 1 2 3 1554 384365
Rx 2.51305 1 2 3 1554 383090
Rx 2.51312 1 2 3 1554 448535
Rx 2.51312 1 2 3 1554 447260
Rx 2.51312 1 2 3 1554 445985
Tx 2.5132 1 2 3 1554 
Tx 2.5132 1 2 3 1554 
Tx 2.5132 1 2 3 1554 
Tx 2.5132 1 2 3 1554 
Tx 2.51321 1 2 3 1554 
Tx 2.51321 1 2 3 1554 
Tx 2.51321 1 2 3 1554 
Tx 2.51321 1 2 3 1554 
Tx 2.51321 1 2 3 1554 
Tx 2.51321 1 2 3 1554 
Tx 2.51321 1 2 3 1554 
Tx 2.51321 1 2 3 1554 
Tx 2.51322 1 2 3 1554 
Tx 2.51322 1 2 3 1554 
Tx 2.51322 1 2 3 1554 
Tx 2.51322 1 2 3 1554 
Tx 2.51322 1 2 3 1554 
Tx 2.51322 1 2 3 1554 
Tx 2.51322 1 2 3 1554 
Tx 2.5133 1 2 3 1554 
Tx 2.5133 1 2 3 1554 
Tx 2.5133 1 2 3 1554 
Tx 2.5133 1 2 3 1554 
Tx 2.51331 1 2 3 1554 
Tx 2.51331 1 2 3 1554 
Tx 2.51331 1 2 3 1554 
Tx 2.51331 1 2 3 1554 
Tx 2.51331 1 2 3 1554 
Tx 2.51331 1 2 3 1554 
Tx 2.51331 1 2 3 1554 
Tx 2.51331 1 2 3 1554 
Tx 2.51339 1 2 3 1554 
Tx 2.51339 1 2 3 1554 
Tx 2.51339 1 2 3 1554 
Tx 2.51339 1 2 3 1554 
Tx 2.51339 1 2 3 1554 
Tx 2.51339 1 2 3 1554 
Tx 2.5134 1 2 3 1554 
Tx 2.5134 1 2 3 1554 
Tx 2.5134 1 2 3 1554 
Tx 2.5134 1 2 3 1554 
Tx 2.5134 1 1 3 54 
Tx 2.5134 1 1 3 54 
Tx 2.5134 1 1 3 54 
Tx 2.5134 1 1 3 54 
Tx 2.5134 1 1 3 54 
Tx 2.5134 1 1 3 54 
Tx 2.5134 1 1 3 54 
Tx 2.5134 1 1 3 54 
Tx 2.5134 1 1 3 54 
Tx 2.5134 1 1 3 54 
Tx 2.5134 1 1 3 54 
Tx 2.5134 1 1 3 54 
Tx 2.5134 1 1 3 54 
Tx 2.5134 1 1 3 54 
Tx 2.5134 1 1 3 54 
Tx 2.5134 1 1 3 54 
Tx 2.5134 1 1 3 54 
Tx 2.5134 1 1 3 54 
Tx 2.5134 1 1 3 54 
Tx 2.5134 1 1 3 54 
Tx 2.5134 1 1 3 54 
Tx 2.5134 1 1 3 54 
Tx 2.5134 1 1 3 54 
Tx 2.5134 1 1 3 54 
Tx 2.5134 1 1 3 54 
Tx 2.5134 1 1 3 54 
Tx 2.5134 1 1 3 54 
Tx 2.5134 1 1 3 54 
Tx 2.5134 1 1 3 54 
Tx 2.5134 1 1 3 54 
Tx 2.5134 1 1 3 54 
Tx 2.5134 1 1 3 54 
Tx 2.5134 1 1 3 54 
Tx 2.5134 1 1 3 54 
Tx 2.5134 1 1 3 54 
Tx 2.5134 1 1 3 54 
Tx 2.5134 1 1 3 54 
Tx 2.51349 1 2 3 1554 
Tx 2.51349 1 2 3 1554 
Tx 2.51349 1 2 3 1554 
Tx 2.51349 1 2 3 1554 
Tx 2.51349 1 2 3 1554 
Tx 2.51349 1 2 3 1554 
Tx 2.5135 1 2 3 1554 
Tx 2.5135 1 2 3 1554 
Tx 2.5135 1 2 3 1554 
Tx 2.5135 1 2 3 1554 
Tx 2.5135 1 2 3 1554 
Tx 2.5135 1 2 3 1554 
Tx 2.5136 1 2 3 1554 
Tx 2.5136 1 2 3 1554 
Tx 2.5136 1 2 3 1554 
Tx 2.5136 1 2 3 1554 
Rx 2.51368 1 1 3 54 281740
Rx 2.51368 1 1 3 54 281665
Rx 2.51368 1 1 3 54 281590
Rx 2.51368 1 1 3 54 281515
Rx 2.51368 1 1 3 54 281440
Rx 2.51368 1 1 3 54 281365
Rx 2.51368 1 1 3 54 281290
Rx 2.51368 1 1 3 54 281215
Rx 2.51368 1 1 3 54 281140
Rx 2.51371 1 1 3 54 310345
Rx 2.51371 1 1 3 54 310270
Rx 2.51371 1 1 3 54 310195
Rx 2.51371 1 1 3 54 310120
Rx 2.51371 1 1 3 54 310045
Rx 2.51371 1 1 3 54 309970
Rx 2.51371 1 1 3 54 309895
Rx 2.51371 1 1 3 54 309820
Rx 2.51371 1 1 3 54 309745
Rx 2.51371 1 1 3 54 309670
Rx 2.51371 1 1 3 54 309595
Rx 2.51371 1 1 3 54 309520
Rx 2.51371 1 1 3 54 309445
Rx 2.51371 1 1 3 54 309370
Rx 2.51371 1 1 3 54 309295
Rx 2.51371 1 1 3 54 309220
Rx 2.51371 1 1 3 54 309145
Rx 2.51371 1 1 3 54 309070
Rx 2.51371 1 1 3 54 308995
Rx 2.51371 1 1 3 54 308920
Rx 2.51371 1 1 3 54 308845
Rx 2.51371 1 1 3 54 308770
Rx 2.51371 1 1 3 54 308695
Rx 2.51371 1 1 3 54 308620
Rx 2.51371 1 1 3 54 308545
Rx 2.51371 1 1 3 54 308470
Rx 2.51371 1 1 3 54 308395
Rx 2.51375 1 2 3 1554 751690
Rx 2.51375 1 2 3 1554 750415
Rx 2.51375 1 2 3 1554 749140
Rx 2.51375 1 2 3 1554 747865
Rx 2.51375 1 2 3 1554 746590
Rx 2.51375 1 2 3 1554 745315
Rx 2.51375 1 2 3 1554 744040
Rx 2.51375 1 2 3 1554 742765
Rx 2.51375 1 2 3 1554 741490
Rx 2.51375 1 2 3 1554 740215
Rx 2.51375 1 2 3 1554 738940
Rx 2.51384 1 2 3 1554 643370
Rx 2.51384 1 2 3 1554 642095
Rx 2.51384 1 2 3 1554 640820
Rx 2.51384 1 2 3 1554 639545
Rx 2.51384 1 2 3 1554 638270
Rx 2.51384 1 2 3 1554 636995
Rx 2.51384 1 2 3 1554 635720
Rx 2.51384 1 2 3 1554 634445
Rx 2.51384 1 2 3 1554 633170
Rx 2.51384 1 2 3 1554 631895
Rx 2.51385 1 1 3 54 445760
Rx 2.51394 1 2 3 1554 730620
Rx 2.51394 1 2 3 1554 729345
Rx 2.51394 1 2 3 1554 728070
Rx 2.51394 1 2 3 1554 726795
Rx 2.51394 1 2 3 1554 725520
Rx 2.51394 1 2 3 1554 724245
Rx 2.51394 1 2 3 1554 722970
Rx 2.51394 1 2 3 1554 721695
Rx 2.51394 1 2 3 1554 720420
Rx 2.51394 1 2 3 1554 643370
Rx 2.51394 1 2 3 1554 642095
Rx 2.51404 1 2 3 1554 740820
Rx 2.51404 1 2 3 1554 739545
Rx 2.51404 1 2 3 1554 738270
Rx 2.51404 1 2 3 1554 736995
Rx 2.51404 1 2 3 1554 735720
Rx 2.51404 1 2 3 1554 734445
Rx 2.51404 1 2 3 1554 733170
Rx 2.51404 1 2 3 1554 731895
Rx 2.51404 1 2 3 1554 730620
Rx 2.51404 1 2 3 1554 729345
Rx 2.51414 1 2 3 1554 751690
Rx 2.51414 1 2 3 1554 750415
Rx 2.51414 1 2 3 1554 749140
Rx 2.51414 1 2 3 1554 747865
Rx 2.51414 1 2 3 1554 746590
Rx 2.51414 1 2 3 1554 745315
Rx 2.51414 1 2 3 1554 744040
Rx 2.51414 1 2 3 1554 742765
Rx 2.51414 1 2 3 1554 741490
Tx 2.5142 1 2 3 1554 
Tx 2.5142 1 2 3 1554 
Tx 2.5142 1 2 3 1554 
Tx 2.5142 1 2 3 1554 
Tx 2.51421 1 2 3 1554 
Tx 2.51421 1 2 3 1554 
Tx 2.51421 1 2 3 1554 
Tx 2.51421 1 2 3 1554 
Tx 2.51421 1 2 3 1554 
Tx 2.51421 1 2 3 1554 
Tx 2.51421 1 2 3 1554 
Tx 2.51421 1 2 3 1554 
Tx 2.51426 1 1 3 54 
Tx 2.51426 1 1 3 54 
Tx 2.51426 1 1 3 54 
Tx 2.51426 1 1 3 54 
Tx 2.51426 1 1 3 54 
Tx 2.51426 1 1 3 54 
Tx 2.51426 1 1 3 54 
Tx 2.51426 1 1 3 54 
Tx 2.51426 1 1 3 54 
Tx 2.51426 1 1 3 54 
Tx 2.51426 1 1 3 54 
Tx 2.51426 1 1 3 54 
Tx 2.51426 1 1 3 54 
Tx 2.51426 1 1 3 54 
Tx 2.51426 1 1 3 54 
Tx 2.51426 1 1 3 54 
Tx 2.51426 1 1 3 54 
Tx 2.51426 1 1 3 54 
Tx 2.51426 1 1 3 54 
Tx 2.51426 1 1 3 54 
Tx 2.51426 1 1 3 54 
Tx 2.51426 1 1 3 54 
Tx 2.51426 1 1 3 54 
Tx 2.51426 1 1 3 54 
Tx 2.51426 1 1 3 54 
Tx 2.51426 1 1 3 54 
Tx 2.51426 1 1 3 54 
Tx 2.51426 1 1 3 54 
Tx 2.51426 1 1 3 54 
Tx 2.51426 1 1 3 54 
Tx 2.51426 1 1 3 54 
Tx 2.51426 1 1 3 54 
Tx 2.51426 1 1 3 54 
Tx 2.51426 1 1 3 54 
Tx 2.51426 1 1 3 54 
Tx 2.51426 1 1 3 54 
Tx 2.51426 1 1 3 54 
Tx 2.51426 1 1 3 54 
Tx 2.51426 1 1 3 54 
Tx 2.51426 1 1 3 54 
Tx 2.51426 1 1 3 54 
Tx 2.51426 1 1 3 54 
Tx 2.5143 1 2 3 1554 
Tx 2.5143 1 2 3 1554 
Tx 2.5143 1 2 3 1554 
Tx 2.5143 1 2 3 1554 
Tx 2.51431 1 2 3 1554 
Tx 2.51431 1 2 3 1554 
Tx 2.51431 1 2 3 1554 
Tx 2.51431 1 2 3 1554 
Tx 2.51431 1 2 3 1554 
Tx 2.51431 1 2 3 1554 
Tx 2.51431 1 2 3 1554 
Tx 2.51431 1 2 3 1554 
Rx 2.51434 1 2 3 1554 940215
Rx 2.51434 1 2 3 1554 851690
Rx 2.51434 1 2 3 1554 850415
Rx 2.51434 1 2 3 1554 849140
Rx 2.51434 1 2 3 1554 847865
Rx 2.51434 1 2 3 1554 846590
Rx 2.51434 1 2 3 1554 845315
Tx 2.51439 1 2 3 1554 
Tx 2.51439 1 2 3 1554 
Tx 2.51439 1 2 3 1554 
Tx 2.51439 1 2 3 1554 
Tx 2.51439 1 2 3 1554 
Tx 2.51439 1 2 3 1554 
Tx 2.5144 1 2 3 1554 
Tx 2.5144 1 2 3 1554 
Tx 2.5144 1 2 3 1554 
Tx 2.5144 1 2 3 1554 
Tx 2.5144 1 2 3 1554 
Tx 2.5144 1 2 3 1554 
Rx 2.51444 1 2 3 1554 948200
Rx 2.51444 1 2 3 1554 946925
Rx 2.51444 1 2 3 1554 945650
Rx 2.51444 1 2 3 1554 944375
Rx 2.51444 1 2 3 1554 943100
Rx 2.51444 1 2 3 1554 941825
Rx 2.51444 1 2 3 1554 843370
Rx 2.51444 1 2 3 1554 842095
Rx 2.51444 1 2 3 1554 840820
Tx 2.5145 1 2 3 1554 
Tx 2.5145 1 2 3 1554 
Tx 2.5145 1 2 3 1554 
Tx 2.5145 1 2 3 1554 
Tx 2.51451 1 2 3 1554 
Tx 2.51451 1 2 3 1554 
Tx 2.51451 1 2 3 1554 
Tx 2.51451 1 2 3 1554 
Tx 2.51451 1 2 3 1554 
Tx 2.51451 1 2 3 1554 
Rx 2.51455 1 2 3 1554 947865
Rx 2.51455 1 2 3 1554 351690
Rx 2.51455 1 2 3 1554 350415
Rx 2.51455 1 2 3 1554 349140
Rx 2.51455 1 2 3 1554 347865
Rx 2.51455 1 2 3 1554 346590
Rx 2.51455 1 2 3 1554 345315
Rx 2.51455 1 2 3 1554 344040
Rx 2.51455 1 2 3 1554 342765
Rx 2.51455 1 2 3 1554 341490
Rx 2.51455 1 2 3 1554 340215
Tx 2.51459 1 2 3 1554 
Tx 2.51459 1 2 3 1554 
Tx 2.51459 1 2 3 1554 
Tx 2.5146 1 2 3 1554 
Tx 2.5146 1 2 3 1554 
Tx 2.5146 1 2 3 1554 
Tx 2.5146 1 2 3 1554 
Tx 2.5146 1 2 3 1554 
Tx 2.5146 1 2 3 1554 
Tx 2.5146 1 2 3 1554 
Tx 2.5146 1 2 3 1554 
Rx 2.51465 1 2 3 1554 434780
Rx 2.51465 1 2 3 1554 433505
Rx 2.51465 1 2 3 1554 347530
Rx 2.51465 1 2 3 1554 346255
Rx 2.51465 1 2 3 1554 344980
Rx 2.51465 1 2 3 1554 343705
Rx 2.51465 1 2 3 1554 342430
Rx 2.51465 1 2 3 1554 341155
Rx 2.51465 1 2 3 1554 339880
Rx 2.51465 1 2 3 1554 338605
Rx 2.51465 1 2 3 1554 337330
Tx 2.51469 1 2 3 1554 
Tx 2.51469 1 2 3 1554 
Tx 2.51469 1 2 3 1554 
Tx 2.5147 1 2 3 1554 
Tx 2.5147 1 2 3 1554 
Tx 2.5147 1 2 3 1554 
Tx 2.5147 1 2 3 1554 
Tx 2.5147 1 2 3 1554 
Tx 2.5147 1 2 3 1554 
Tx 2.5147 1 2 3 1554 
Tx 2.5147 1 2 3 1554 
Tx 2.5147 1 1 3 54 
Tx 2.5147 1 1 3 54 
Tx 2.5147 1 1 3 54 
Tx 2.5147 1 1 3 54 
Tx 2.51471 1 1 3 54 
Tx 2.51471 1 1 3 54 
Tx 2.51471 1 1 3 54 
Tx 2.51471 1 1 3 54 
Tx 2.51471 1 1 3 54 
Tx 2.51471 1 1 3 54 
Tx 2.51471 1 1 3 54 
Tx 2.51471 1 1 3 54 
Tx 2.51471 1 1 3 54 
Tx 2.51471 1 1 3 54 
Tx 2.51471 1 1 3 54 
Tx 2.51471 1 1 3 54 
Tx 2.51471 1 1 3 54 
Tx 2.51471 1 1 3 54 
Tx 2.51471 1 1 3 54 
Tx 2.51471 1 1 3 54 
Tx 2.51471 1 1 3 54 
Tx 2.51471 1 1 3 54 
Tx 2.51471 1 1 3 54 
Tx 2.51471 1 1 3 54 
Tx 2.51471 1 1 3 54 
Rx 2.51475 1 2 3 1554 436055
Rx 2.51475 1 2 3 1554 434780
Rx 2.51475 1 2 3 1554 433505
Rx 2.51475 1 2 3 1554 360010
Rx 2.51475 1 2 3 1554 358735
Rx 2.51475 1 2 3 1554 357460
Rx 2.51475 1 2 3 1554 356185
Rx 2.51475 1 2 3 1554 354910
Rx 2.51475 1 2 3 1554 353635
Rx 2.51475 1 2 3 1554 352360
Rx 2.51475 1 2 3 1554 351085
Rx 2.51475 1 2 3 1554 349810
Tx 2.5148 1 2 3 1554 
Tx 2.5148 1 2 3 1554 
Tx 2.5148 1 2 3 1554 
Tx 2.5148 1 2 3 1554 
Tx 2.5148 1 2 3 1554 
Tx 2.5148 1 2 3 1554 
Rx 2.51486 1 2 3 1554 465175
Rx 2.51486 1 2 3 1554 463900
Rx 2.51486 1 2 3 1554 462625
Rx 2.51486 1 2 3 1554 364170
Rx 2.51486 1 2 3 1554 362895
Rx 2.51486 1 2 3 1554 361620
Rx 2.51486 1 2 3 1554 360345
Rx 2.51486 1 2 3 1554 359070
Rx 2.51486 1 2 3 1554 357795
Rx 2.51486 1 2 3 1554 356520
Rx 2.51486 1 2 3 1554 355245
Rx 2.51486 1 2 3 1554 353970
Rx 2.51486 1 2 3 1554 352695
Rx 2.51486 1 2 3 1554 272490
Rx 2.51486 1 2 3 1554 271215
Rx 2.51486 1 2 3 1554 269940
Rx 2.51494 1 2 3 1554 347865
Rx 2.51494 1 2 3 1554 346590
Rx 2.51494 1 2 3 1554 345315
Rx 2.51494 1 2 3 1554 344040
Rx 2.51494 1 2 3 1554 342765
Rx 2.51494 1 2 3 1554 341490
Rx 2.51494 1 2 3 1554 340215
Rx 2.51494 1 2 3 1554 338940
Rx 2.51494 1 2 3 1554 251690
Rx 2.51494 1 2 3 1554 250415
Rx 2.51502 1 1 3 54 762410
Rx 2.51502 1 1 3 54 762335
Rx 2.51502 1 1 3 54 762260
Rx 2.51502 1 1 3 54 762185
Rx 2.51502 1 1 3 54 762110
Rx 2.51502 1 1 3 54 762035
Rx 2.51502 1 1 3 54 761960
Rx 2.51502 1 1 3 54 761885
Rx 2.51502 1 1 3 54 761810
Rx 2.51502 1 1 3 54 761735
Rx 2.51502 1 1 3 54 761660
Rx 2.51502 1 1 3 54 761585
Rx 2.51502 1 1 3 54 761510
Rx 2.51502 1 1 3 54 761435
Rx 2.51502 1 1 3 54 761360
Rx 2.51502 1 1 3 54 761285
Rx 2.51502 1 1 3 54 761210
Rx 2.51502 1 1 3 54 761135
Rx 2.51502 1 1 3 54 761060
Rx 2.51502 1 1 3 54 760985
Rx 2.51502 1 1 3 54 760910
Rx 2.51502 1 1 3 54 760835
Rx 2.51502 1 1 3 54 760760
Rx 2.51502 1 1 3 54 760685
Rx 2.51502 1 1 3 54 760610
Rx 2.51502 1 1 3 54 760535
Rx 2.51502 1 1 3 54 760460
Rx 2.51502 1 1 3 54 760385
Rx 2.51502 1 1 3 54 760310
Rx 2.51502 1 1 3 54 760235
Rx 2.51502 1 1 3 54 760160
Rx 2.51502 1 1 3 54 760085
Rx 2.51502 1 1 3 54 760010
Rx 2.51502 1 1 3 54 759935
Rx 2.51502 1 1 3 54 759860
Rx 2.51502 1 1 3 54 759785
Rx 2.51502 1 1 3 54 759710
Rx 2.51502 1 1 3 54 759635
Rx 2.51502 1 1 3 54 759560
Rx 2.51502 1 1 3 54 759485
Rx 2.51502 1 1 3 54 759410
Rx 2.51502 1 1 3 54 759335
Rx 2.51502 1 1 3 54 313905
Rx 2.51502 1 1 3 54 313830
Rx 2.51502 1 1 3 54 313755
Rx 2.51502 1 1 3 54 313680
Rx 2.51502 1 1 3 54 313605
Rx 2.51502 1 1 3 54 313530
Rx 2.51502 1 1 3 54 313455
Rx 2.51502 1 1 3 54 313380
Rx 2.51502 1 1 3 54 313305
Rx 2.51502 1 1 3 54 313230
Rx 2.51502 1 1 3 54 313155
Rx 2.51502 1 1 3 54 313080
Rx 2.51502 1 1 3 54 313005
Rx 2.51502 1 1 3 54 312930
Rx 2.51502 1 1 3 54 312855
Rx 2.51502 1 1 3 54 312780
Rx 2.51502 1 1 3 54 312705
Rx 2.51502 1 1 3 54 312630
Rx 2.51502 1 1 3 54 312555
Rx 2.51502 1 1 3 54 312480
Rx 2.51502 1 1 3 54 312405
Rx 2.51502 1 1 3 54 312330
Rx 2.51502 1 1 3 54 312255
Rx 2.51505 1 2 3 1554 357460
Rx 2.51505 1 2 3 1554 356185
Rx 2.51505 1 2 3 1554 354910
Rx 2.51505 1 2 3 1554 353635
Rx 2.51505 1 2 3 1554 352360
Rx 2.51505 1 2 3 1554 351085
Rx 2.51505 1 2 3 1554 349810
Rx 2.51505 1 2 3 1554 348535
Rx 2.51505 1 2 3 1554 347260
Tx 2.51509 1 1 3 54 
Tx 2.51509 1 1 3 54 
Tx 2.51509 1 1 3 54 
Tx 2.51509 1 1 3 54 
Tx 2.51509 1 1 3 54 
Tx 2.51509 1 1 3 54 
Tx 2.51509 1 1 3 54 
Tx 2.51509 1 1 3 54 
Tx 2.51509 1 1 3 54 
Tx 2.51509 1 1 3 54 
Tx 2.51509 1 1 3 54 
Tx 2.51509 1 1 3 54 
Tx 2.51509 1 1 3 54 
Tx 2.51509 1 1 3 54 
Tx 2.51509 1 1 3 54 
Tx 2.51509 1 1 3 54 
Tx 2.51509 1 1 3 54 
Tx 2.51509 1 1 3 54 
Tx 2.5151 1 1 3 54 
Tx 2.5151 1 1 3 54 
Tx 2.5151 1 1 3 54 
Tx 2.5151 1 1 3 54 
Tx 2.5151 1 1 3 54 
Tx 2.5151 1 1 3 54 
Tx 2.5151 1 1 3 54 
Tx 2.5151 1 1 3 54 
Tx 2.5151 1 1 3 54 
Tx 2.5151 1 1 3 54 
Tx 2.5151 1 1 3 54 
Tx 2.5151 1 1 3 54 
Tx 2.5151 1 1 3 54 
Tx 2.5151 1 1 3 54 
Tx 2.5151 1 1 3 54 
Tx 2.5151 1 1 3 54 
Tx 2.5151 1 1 3 54 
Tx 2.5151 1 1 3 54 
Tx 2.5151 1 1 3 54 
Tx 2.5151 1 1 3 54 
Tx 2.5151 1 1 3 54 
Tx 2.5151 1 1 3 54 
Tx 2.5151 1 1 3 54 
Tx 2.5151 1 1 3 54 
Tx 2.5151 1 1 3 54 
Tx 2.5151 1 1 3 54 
Tx 2.5151 1 1 3 54 
Tx 2.5151 1 1 3 54 
Tx 2.5151 1 1 3 54 
Tx 2.5151 1 1 3 54 
Tx 2.5151 1 1 3 54 
Tx 2.5151 1 1 3 54 
Rx 2.51511 1 1 3 54 403860
Rx 2.51511 1 1 3 54 403785
Rx 2.51513 1 2 3 1554 335050
Rx 2.51513 1 2 3 1554 333775
Rx 2.51513 1 2 3 1554 332500
Rx 2.51513 1 2 3 1554 331225
Rx 2.51513 1 2 3 1554 329950
Rx 2.51513 1 2 3 1554 328675
Rx 2.51541 1 1 3 54 320810
Rx 2.51541 1 1 3 54 320735
Rx 2.51541 1 1 3 54 320660
Rx 2.51541 1 1 3 54 320585
Rx 2.51541 1 1 3 54 320510
Rx 2.51541 1 1 3 54 320435
Rx 2.51541 1 1 3 54 320360
Rx 2.51541 1 1 3 54 320285
Rx 2.51541 1 1 3 54 320210
Rx 2.51541 1 1 3 54 320135
Rx 2.51541 1 1 3 54 320060
Rx 2.51541 1 1 3 54 319985
Rx 2.51541 1 1 3 54 319910
Rx 2.51541 1 1 3 54 319835
Rx 2.51541 1 1 3 54 319760
Rx 2.51541 1 1 3 54 319685
Rx 2.51541 1 1 3 54 319610
Rx 2.51541 1 1 3 54 319535
Rx 2.51541 1 1 3 54 319460
Rx 2.51541 1 1 3 54 319385
Rx 2.51541 1 1 3 54 319310
Rx 2.51541 1 1 3 54 319235
Rx 2.51541 1 1 3 54 319160
Rx 2.51541 1 1 3 54 319085
Rx 2.51541 1 1 3 54 319010
Rx 2.51541 1 1 3 54 318935
Rx 2.51541 1 1 3 54 318860
Rx 2.51541 1 1 3 54 318785
Rx 2.51541 1 1 3 54 318710
Rx 2.51541 1 1 3 54 318635
Rx 2.51541 1 1 3 54 318560
Rx 2.51541 1 1 3 54 318485
Rx 2.51541 1 1 3 54 318410
Rx 2.51541 1 1 3 54 318335
Rx 2.51541 1 1 3 54 318260
Rx 2.51541 1 1 3 54 318185
Rx 2.51541 1 1 3 54 318110
Rx 2.51541 1 1 3 54 318035
Rx 2.51541 1 1 3 54 317960
Rx 2.51541 1 1 3 54 317885
Rx 2.51541 1 1 3 54 317810
Rx 2.51541 1 1 3 54 317735
Rx 2.51541 1 1 3 54 317660
Rx 2.51541 1 1 3 54 317585
Rx 2.51541 1 1 3 54 317510
Rx 2.51541 1 1 3 54 317435
Rx 2.51541 1 1 3 54 317360
Rx 2.51541 1 1 3 54 317285
Tx 2.5158 1 2 3 1554 
Tx 2.5158 1 2 3 1554 
Tx 2.5158 1 2 3 1554 
Tx 2.5158 1 2 3 1554 
Tx 2.51581 1 2 3 1554 
Tx 2.51581 1 2 3 1554 
Tx 2.51581 1 2 3 1554 
Tx 2.51581 1 2 3 1554 
Tx 2.51581 1 2 3 1554 
Tx 2.51581 1 2 3 1554 
Tx 2.51581 1 2 3 1554 
Tx 2.51581 1 2 3 1554 
Tx 2.5159 1 2 3 1554 
Tx 2.5159 1 2 3 1554 
Tx 2.5159 1 2 3 1554 
Tx 2.5159 1 2 3 1554 
Tx 2.51591 1 2 3 1554 
Tx 2.51591 1 2 3 1554 
Tx 2.51591 1 2 3 1554 
Tx 2.51591 1 2 3 1554 
Tx 2.51591 1 2 3 1554 
Tx 2.51591 1 2 3 1554 
Tx 2.51591 1 2 3 1554 
Tx 2.51591 1 2 3 1554 
Tx 2.51592 1 2 3 1554 
Tx 2.516 1 2 3 1554 
Tx 2.516 1 2 3 1554 
Tx 2.516 1 2 3 1554 
Tx 2.516 1 2 3 1554 
Tx 2.51601 1 2 3 1554 
Tx 2.51601 1 2 3 1554 
Tx 2.51601 1 2 3 1554 
Tx 2.51601 1 2 3 1554 
Tx 2.51601 1 2 3 1554 
Tx 2.51601 1 2 3 1554 
Tx 2.51601 1 2 3 1554 
Tx 2.51601 1 2 3 1554 
Rx 2.51615 1 2 3 1554 351690
Rx 2.51615 1 2 3 1554 350415
Rx 2.51615 1 2 3 1554 349140
Rx 2.51615 1 2 3 1554 347865
Rx 2.51615 1 2 3 1554 346590
Rx 2.51615 1 2 3 1554 345315
Rx 2.51615 1 2 3 1554 344040
Rx 2.51615 1 2 3 1554 342765
Rx 2.51615 1 2 3 1554 341490
Rx 2.51615 1 2 3 1554 340215
Rx 2.51615 1 2 3 1554 338940
Tx 2.5162 1 2 3 1554 
Tx 2.5162 1 2 3 1554 
Tx 2.5162 1 2 3 1554 
Tx 2.5162 1 2 3 1554 
Tx 2.51621 1 2 3 1554 
Tx 2.51621 1 2 3 1554 
Tx 2.51621 1 2 3 1554 
Tx 2.51621 1 2 3 1554 
Tx 2.51621 1 2 3 1554 
Tx 2.51621 1 2 3 1554 
Tx 2.51621 1 2 3 1554 
Tx 2.51621 1 2 3 1554 
Tx 2.51622 1 2 3 1554 
Tx 2.5163 1 2 3 1554 
Tx 2.5163 1 2 3 1554 
Tx 2.5163 1 2 3 1554 
Tx 2.5163 1 2 3 1554 
Tx 2.51631 1 2 3 1554 
Tx 2.51631 1 2 3 1554 
Tx 2.51631 1 2 3 1554 
Tx 2.51631 1 2 3 1554 
Tx 2.51631 1 2 3 1554 
Tx 2.51631 1 2 3 1554 
Tx 2.51631 1 2 3 1554 
Tx 2.51631 1 2 3 1554 
Rx 2.51635 1 2 3 1554 537665
Rx 2.51635 1 2 3 1554 451690
Rx 2.51635 1 2 3 1554 450415
Rx 2.51635 1 2 3 1554 449140
Rx 2.51635 1 2 3 1554 447865
Rx 2.51635 1 2 3 1554 446590
Rx 2.51635 1 2 3 1554 445315
Rx 2.51635 1 2 3 1554 444040
Rx 2.51635 1 2 3 1554 442765
Rx 2.51635 1 2 3 1554 441490
Rx 2.51635 1 2 3 1554 440215
Rx 2.51635 1 2 3 1554 438940
Rx 2.51635 1 2 3 1554 437665
Tx 2.5164 1 2 3 1554 
Tx 2.5164 1 2 3 1554 
Tx 2.5164 1 2 3 1554 
Tx 2.5164 1 2 3 1554 
Tx 2.51641 1 2 3 1554 
Tx 2.51641 1 2 3 1554 
Tx 2.51641 1 2 3 1554 
Tx 2.51641 1 2 3 1554 
Tx 2.51641 1 2 3 1554 
Tx 2.51641 1 2 3 1554 
Tx 2.51641 1 2 3 1554 
Tx 2.51641 1 2 3 1554 
Tx 2.51642 1 2 3 1554 
Rx 2.51645 1 2 3 1554 536390
Rx 2.51645 1 2 3 1554 451690
Rx 2.51645 1 2 3 1554 450415
Rx 2.51645 1 2 3 1554 449140
Rx 2.51645 1 2 3 1554 447865
Rx 2.51645 1 2 3 1554 446590
Rx 2.51645 1 2 3 1554 445315
Rx 2.51645 1 2 3 1554 444040
Rx 2.51645 1 2 3 1554 442765
Rx 2.51645 1 2 3 1554 441490
Rx 2.51645 1 2 3 1554 440215
Rx 2.51645 1 2 3 1554 438940
Tx 2.5165 1 2 3 1554 
Tx 2.5165 1 2 3 1554 
Tx 2.5165 1 2 3 1554 
Tx 2.5165 1 2 3 1554 
Tx 2.51651 1 2 3 1554 
Tx 2.51651 1 2 3 1554 
Tx 2.51651 1 2 3 1554 
Tx 2.51651 1 2 3 1554 
Tx 2.51651 1 2 3 1554 
Tx 2.51651 1 2 3 1554 
Tx 2.51651 1 2 3 1554 
Tx 2.51651 1 2 3 1554 
Tx 2.51652 1 2 3 1554 
Rx 2.51655 1 2 3 1554 533505
Rx 2.51655 1 2 3 1554 347530
Rx 2.51655 1 2 3 1554 346255
Rx 2.51655 1 2 3 1554 344980
Rx 2.51655 1 2 3 1554 343705
Rx 2.51655 1 2 3 1554 342430
Rx 2.51655 1 2 3 1554 341155
Rx 2.51655 1 2 3 1554 339880
Rx 2.51655 1 2 3 1554 338605
Rx 2.51655 1 2 3 1554 337330
Rx 2.51655 1 2 3 1554 336055
Rx 2.51655 1 2 3 1554 334780
Tx 2.51659 1 2 3 1554 
Tx 2.51659 1 2 3 1554 
Tx 2.51659 1 2 3 1554 
Tx 2.5166 1 2 3 1554 
Tx 2.5166 1 2 3 1554 
Tx 2.5166 1 2 3 1554 
Tx 2.5166 1 2 3 1554 
Tx 2.5166 1 2 3 1554 
Tx 2.5166 1 2 3 1554 
Tx 2.5166 1 2 3 1554 
Tx 2.5166 1 2 3 1554 
Tx 2.5166 1 1 3 54 
Tx 2.5166 1 1 3 54 
Tx 2.5166 1 1 3 54 
Tx 2.5166 1 1 3 54 
Tx 2.51661 1 1 3 54 
Tx 2.51661 1 1 3 54 
Tx 2.51661 1 1 3 54 
Tx 2.51661 1 1 3 54 
Tx 2.51661 1 1 3 54 
Tx 2.51661 1 1 3 54 
Tx 2.51661 1 1 3 54 
Tx 2.51661 1 1 3 54 
Tx 2.51661 1 1 3 54 
Tx 2.51661 1 1 3 54 
Tx 2.51661 1 1 3 54 
Tx 2.51661 1 1 3 54 
Tx 2.51661 1 1 3 54 
Tx 2.51661 1 1 3 54 
Tx 2.51661 1 1 3 54 
Tx 2.51661 1 1 3 54 
Tx 2.51661 1 1 3 54 
Tx 2.51661 1 1 3 54 
Tx 2.51661 1 1 3 54 
Tx 2.51661 1 1 3 54 
Tx 2.51661 1 1 3 54 
Tx 2.51661 1 1 3 54 
Tx 2.51661 1 1 3 54 
Tx 2.51661 1 1 3 54 
Tx 2.51661 1 1 3 54 
Tx 2.51661 1 1 3 54 
Tx 2.51661 1 1 3 54 
Tx 2.51661 1 1 3 54 
Tx 2.51661 1 1 3 54 
Tx 2.51661 1 1 3 54 
Tx 2.51661 1 1 3 54 
Tx 2.51661 1 1 3 54 
Tx 2.51661 1 1 3 54 
Tx 2.51661 1 1 3 54 
Tx 2.51661 1 1 3 54 
Tx 2.51661 1 1 3 54 
Tx 2.51661 1 1 3 54 
Tx 2.51661 1 1 3 54 
Tx 2.51661 1 1 3 54 
Tx 2.51661 1 1 3 54 
Tx 2.51661 1 1 3 54 
Tx 2.51661 1 1 3 54 
Tx 2.51661 1 1 3 54 
Tx 2.51661 1 1 3 54 
Tx 2.51661 1 1 3 54 
Rx 2.51661 1 1 3 54 1513050
Rx 2.51661 1 1 3 54 1512975
Rx 2.51665 1 2 3 1554 437665
Rx 2.51665 1 2 3 1554 436390
Rx 2.51665 1 2 3 1554 351690
Rx 2.51665 1 2 3 1554 350415
Rx 2.51665 1 2 3 1554 349140
Rx 2.51665 1 2 3 1554 347865
Rx 2.51665 1 2 3 1554 346590
Rx 2.51665 1 2 3 1554 345315
Rx 2.51665 1 2 3 1554 344040
Rx 2.51665 1 2 3 1554 342765
Rx 2.51665 1 2 3 1554 341490
Tx 2.5167 1 2 3 1554 
Tx 2.5167 1 2 3 1554 
Tx 2.5167 1 2 3 1554 
Tx 2.5167 1 2 3 1554 
Tx 2.51671 1 2 3 1554 
Tx 2.51671 1 2 3 1554 
Tx 2.51671 1 2 3 1554 
Tx 2.51671 1 2 3 1554 
Tx 2.51671 1 2 3 1554 
Tx 2.51671 1 2 3 1554 
Tx 2.51671 1 2 3 1554 
Tx 2.51671 1 2 3 1554 
Tx 2.51672 1 2 3 1554 
Rx 2.51674 1 2 3 1554 427735
Rx 2.51674 1 2 3 1554 426460
Rx 2.51674 1 2 3 1554 425185
Rx 2.51674 1 2 3 1554 339210
Rx 2.51674 1 2 3 1554 337935
Rx 2.51674 1 2 3 1554 336660
Rx 2.51674 1 2 3 1554 335385
Rx 2.51674 1 2 3 1554 334110
Rx 2.51674 1 2 3 1554 332835
Rx 2.51674 1 2 3 1554 331560
Tx 2.5168 1 2 3 1554 
Tx 2.5168 1 2 3 1554 
Tx 2.5168 1 2 3 1554 
Tx 2.5168 1 2 3 1554 
Tx 2.51681 1 2 3 1554 
Tx 2.51681 1 2 3 1554 
Tx 2.51681 1 2 3 1554 
Tx 2.51681 1 2 3 1554 
Tx 2.51681 1 2 3 1554 
Tx 2.51681 1 2 3 1554 
Tx 2.51681 1 2 3 1554 
Tx 2.51681 1 2 3 1554 
Rx 2.51684 1 2 3 1554 430285
Rx 2.51684 1 2 3 1554 429010
Rx 2.51684 1 2 3 1554 427735
Rx 2.51684 1 2 3 1554 426460
Rx 2.51684 1 2 3 1554 425185
Rx 2.51684 1 2 3 1554 423910
Rx 2.51684 1 2 3 1554 339210
Rx 2.51684 1 2 3 1554 337935
Rx 2.51684 1 2 3 1554 336660
Tx 2.51686 1 1 3 54 
Tx 2.51686 1 1 3 54 
Tx 2.51686 1 1 3 54 
Tx 2.51686 1 1 3 54 
Tx 2.51686 1 1 3 54 
Tx 2.51686 1 1 3 54 
Tx 2.51686 1 1 3 54 
Tx 2.51686 1 1 3 54 
Tx 2.51686 1 1 3 54 
Tx 2.51686 1 1 3 54 
Tx 2.51686 1 1 3 54 
Tx 2.51686 1 1 3 54 
Tx 2.51686 1 1 3 54 
Tx 2.51686 1 1 3 54 
Tx 2.51686 1 1 3 54 
Tx 2.51686 1 1 3 54 
Tx 2.51686 1 1 3 54 
Tx 2.51686 1 1 3 54 
Tx 2.51686 1 1 3 54 
Tx 2.51686 1 1 3 54 
Tx 2.51686 1 1 3 54 
Tx 2.51686 1 1 3 54 
Tx 2.51686 1 1 3 54 
Tx 2.51686 1 1 3 54 
Tx 2.51686 1 1 3 54 
Tx 2.51686 1 1 3 54 
Tx 2.51686 1 1 3 54 
Tx 2.51686 1 1 3 54 
Tx 2.51686 1 1 3 54 
Tx 2.51686 1 1 3 54 
Tx 2.51686 1 1 3 54 
Tx 2.51686 1 1 3 54 
Tx 2.51686 1 1 3 54 
Tx 2.51686 1 1 3 54 
Tx 2.51686 1 1 3 54 
Tx 2.5169 1 2 3 1554 
Tx 2.5169 1 2 3 1554 
Tx 2.5169 1 2 3 1554 
Tx 2.5169 1 2 3 1554 
Tx 2.51691 1 2 3 1554 
Tx 2.51691 1 2 3 1554 
Tx 2.51691 1 2 3 1554 
Tx 2.51691 1 2 3 1554 
Tx 2.51691 1 2 3 1554 
Tx 2.51691 1 2 3 1554 
Tx 2.51691 1 2 3 1554 
Tx 2.51691 1 2 3 1554 
Rx 2.51694 1 2 3 1554 439545
Rx 2.51694 1 2 3 1554 438270
Rx 2.51694 1 2 3 1554 436995
Rx 2.51694 1 2 3 1554 435720
Rx 2.51694 1 2 3 1554 434445
Rx 2.51694 1 2 3 1554 433170
Rx 2.51694 1 2 3 1554 431895
Rx 2.51694 1 2 3 1554 430620
Rx 2.51694 1 2 3 1554 429345
Rx 2.51694 1 2 3 1554 428070
Tx 2.517 1 2 3 1554 
Tx 2.517 1 2 3 1554 
Tx 2.517 1 2 3 1554 
Tx 2.517 1 2 3 1554 
Tx 2.51701 1 2 3 1554 
Tx 2.51701 1 2 3 1554 
Tx 2.51701 1 2 3 1554 
Tx 2.51701 1 2 3 1554 
Tx 2.51701 1 2 3 1554 
Tx 2.51701 1 2 3 1554 
Tx 2.51701 1 2 3 1554 
Tx 2.51701 1 2 3 1554 
Tx 2.51702 1 2 3 1554 
Rx 2.51704 1 2 3 1554 443370
Rx 2.51704 1 2 3 1554 442095
Rx 2.51704 1 2 3 1554 440820
Rx 2.51704 1 2 3 1554 439545
Rx 2.51704 1 2 3 1554 438270
Rx 2.51704 1 2 3 1554 436995
Rx 2.51704 1 2 3 1554 435720
Rx 2.51704 1 2 3 1554 434445
Rx 2.51704 1 1 3 54 438865
Rx 2.51704 1 1 3 54 438790
Rx 2.51704 1 1 3 54 438715
Rx 2.51704 1 1 3 54 438640
Rx 2.51704 1 1 3 54 438565
Rx 2.51704 1 1 3 54 438490
Rx 2.51704 1 1 3 54 438415
Rx 2.51704 1 1 3 54 438340
Rx 2.51704 1 1 3 54 438265
Rx 2.51704 1 1 3 54 438190
Rx 2.51704 1 1 3 54 438115
Rx 2.51704 1 1 3 54 438040
Rx 2.51704 1 1 3 54 437965
Rx 2.51704 1 1 3 54 437890
Rx 2.51704 1 1 3 54 437815
Rx 2.51704 1 1 3 54 437740
Rx 2.51704 1 1 3 54 437665
Rx 2.51704 1 1 3 54 437590
Rx 2.51704 1 1 3 54 437515
Rx 2.51704 1 1 3 54 437440
Rx 2.51704 1 1 3 54 437365
Rx 2.51704 1 1 3 54 437290
Rx 2.51704 1 1 3 54 437215
Rx 2.51704 1 1 3 54 437140
Rx 2.51704 1 1 3 54 437065
Rx 2.51704 1 1 3 54 436990
Rx 2.51704 1 1 3 54 436915
Rx 2.51704 1 1 3 54 436840
Rx 2.51704 1 1 3 54 436765
Rx 2.51704 1 1 3 54 436690
Rx 2.51704 1 1 3 54 436615
Rx 2.51704 1 1 3 54 436540
Rx 2.51704 1 1 3 54 436465
Rx 2.51704 1 1 3 54 436390
Rx 2.51704 1 1 3 54 436315
Rx 2.51704 1 1 3 54 436240
Rx 2.51704 1 1 3 54 436165
Rx 2.51704 1 1 3 54 436090
Rx 2.51704 1 1 3 54 436015
Rx 2.51704 1 1 3 54 435940
Rx 2.51704 1 1 3 54 435865
Rx 2.51704 1 1 3 54 435790
Rx 2.51704 1 1 3 54 435715
Rx 2.51704 1 1 3 54 435640
Rx 2.51704 1 1 3 54 435565
Rx 2.51704 1 1 3 54 435490
Rx 2.51704 1 1 3 54 435415
Rx 2.51714 1 2 3 1554 533170
Rx 2.51714 1 2 3 1554 531895
Rx 2.51714 1 2 3 1554 530620
Rx 2.51714 1 2 3 1554 435050
Rx 2.51714 1 2 3 1554 433775
Rx 2.51714 1 2 3 1554 432500
Rx 2.51714 1 2 3 1554 431225
Rx 2.51714 1 2 3 1554 429950
Rx 2.51714 1 1 3 54 535340
Rx 2.51714 1 1 3 54 535265
Rx 2.51714 1 1 3 54 287370
Rx 2.51714 1 1 3 54 287295
Rx 2.51714 1 1 3 54 287220
Rx 2.51714 1 1 3 54 287145
Rx 2.51714 1 1 3 54 287070
Rx 2.51714 1 1 3 54 286995
Rx 2.51714 1 1 3 54 286920
Rx 2.51714 1 1 3 54 286845
Rx 2.51714 1 1 3 54 286770
Rx 2.51714 1 1 3 54 286695
Rx 2.51714 1 1 3 54 286620
Rx 2.51714 1 1 3 54 286545
Rx 2.51714 1 1 3 54 286470
Rx 2.51714 1 1 3 54 286395
Rx 2.51714 1 1 3 54 286320
Rx 2.51714 1 1 3 54 286245
Rx 2.51714 1 1 3 54 286170
Rx 2.51714 1 1 3 54 286095
Rx 2.51714 1 1 3 54 286020
Rx 2.51714 1 1 3 54 285945
Rx 2.51714 1 1 3 54 285870
Rx 2.51714 1 1 3 54 285795
Rx 2.51714 1 1 3 54 285720
Rx 2.51714 1 1 3 54 285645
Rx 2.51714 1 1 3 54 285570
Rx 2.51714 1 1 3 54 285495
Rx 2.51714 1 1 3 54 285420
Rx 2.51714 1 1 3 54 285345
Rx 2.51714 1 1 3 54 285270
Rx 2.51714 1 1 3 54 285195
Rx 2.51714 1 1 3 54 285120
Rx 2.51714 1 1 3 54 285045
Rx 2.51714 1 1 3 54 284970
Rx 2.51714 1 1 3 54 284895
Tx 2.5172 1 2 3 1554 
Tx 2.5172 1 2 3 1554 
Tx 2.5172 1 2 3 1554 
Tx 2.5172 1 2 3 1554 
Tx 2.5172 1 2 3 1554 
Tx 2.5172 1 2 3 1554 
Tx 2.5172 1 2 3 1554 
Tx 2.5172 1 2 3 1554 
Tx 2.51721 1 2 3 1554 
Tx 2.51721 1 2 3 1554 
Rx 2.51724 1 1 3 54 384820
Tx 2.51725 1 1 3 54 
Tx 2.51725 1 1 3 54 
Tx 2.51725 1 1 3 54 
Tx 2.51725 1 1 3 54 
Tx 2.51725 1 1 3 54 
Tx 2.51725 1 1 3 54 
Tx 2.51725 1 1 3 54 
Tx 2.51725 1 1 3 54 
Tx 2.51725 1 1 3 54 
Tx 2.51725 1 1 3 54 
Tx 2.51725 1 1 3 54 
Tx 2.51725 1 1 3 54 
Tx 2.51725 1 1 3 54 
Tx 2.51725 1 1 3 54 
Tx 2.51725 1 1 3 54 
Tx 2.51725 1 1 3 54 
Tx 2.51725 1 1 3 54 
Tx 2.51725 1 1 3 54 
Tx 2.51725 1 1 3 54 
Tx 2.51725 1 1 3 54 
Tx 2.51725 1 1 3 54 
Tx 2.51725 1 1 3 54 
Tx 2.51725 1 1 3 54 
Tx 2.51725 1 1 3 54 
Tx 2.51725 1 1 3 54 
Tx 2.51725 1 1 3 54 
Tx 2.51725 1 1 3 54 
Tx 2.51725 1 1 3 54 
Tx 2.51725 1 1 3 54 
Tx 2.51725 1 1 3 54 
Tx 2.51725 1 1 3 54 
Tx 2.51725 1 1 3 54 
Tx 2.51725 1 1 3 54 
Tx 2.51725 1 1 3 54 
Tx 2.51725 1 1 3 54 
Tx 2.51725 1 1 3 54 
Tx 2.51725 1 1 3 54 
Tx 2.5173 1 2 3 1554 
Tx 2.5173 1 2 3 1554 
Tx 2.5173 1 2 3 1554 
Tx 2.5173 1 2 3 1554 
Tx 2.51731 1 2 3 1554 
Tx 2.51731 1 2 3 1554 
Tx 2.51731 1 2 3 1554 
Tx 2.51731 1 2 3 1554 
Tx 2.51731 1 2 3 1554 
Tx 2.51731 1 2 3 1554 
Tx 2.51731 1 2 3 1554 
Tx 2.51731 1 2 3 1554 
Rx 2.51734 1 2 3 1554 632835
Rx 2.51734 1 2 3 1554 631560
Rx 2.51734 1 2 3 1554 630285
Rx 2.51734 1 2 3 1554 629010
Rx 2.51734 1 2 3 1554 627735
Rx 2.51734 1 2 3 1554 626460
Rx 2.51734 1 2 3 1554 625185
Rx 2.51734 1 2 3 1554 623910
Rx 2.51734 1 2 3 1554 539210
Tx 2.5174 1 2 3 1554 
Tx 2.5174 1 2 3 1554 
Tx 2.5174 1 2 3 1554 
Tx 2.5174 1 2 3 1554 
Tx 2.51741 1 2 3 1554 
Tx 2.51741 1 2 3 1554 
Tx 2.51741 1 2 3 1554 
Tx 2.51741 1 2 3 1554 
Tx 2.51741 1 2 3 1554 
Tx 2.51741 1 2 3 1554 
Rx 2.51744 1 2 3 1554 642095
Rx 2.51744 1 2 3 1554 640820
Rx 2.51744 1 2 3 1554 639545
Rx 2.51744 1 2 3 1554 638270
Rx 2.51744 1 2 3 1554 636995
Rx 2.51744 1 2 3 1554 635720
Rx 2.51744 1 2 3 1554 634445
Rx 2.51744 1 2 3 1554 633170
Tx 2.51748 1 2 3 1554 
Tx 2.51748 1 2 3 1554 
Tx 2.51748 1 2 3 1554 
Tx 2.51748 1 2 3 1554 
Tx 2.51748 1 2 3 1554 
Tx 2.51748 1 2 3 1554 
Tx 2.51748 1 2 3 1554 
Tx 2.51748 1 2 3 1554 
Rx 2.51755 1 2 3 1554 736055
Rx 2.51755 1 2 3 1554 734780
Rx 2.51755 1 2 3 1554 733505
Rx 2.51755 1 2 3 1554 647530
Rx 2.51755 1 2 3 1554 646255
Rx 2.51755 1 2 3 1554 644980
Rx 2.51755 1 2 3 1554 643705
Rx 2.51755 1 2 3 1554 642430
Rx 2.51755 1 2 3 1554 641155
Rx 2.51755 1 2 3 1554 639880
Tx 2.51759 1 2 3 1554 
Tx 2.51759 1 2 3 1554 
Tx 2.51759 1 2 3 1554 
Tx 2.51759 1 2 3 1554 
Tx 2.51759 1 2 3 1554 
Tx 2.51759 1 2 3 1554 
Tx 2.5176 1 2 3 1554 
Tx 2.5176 1 2 3 1554 
Tx 2.5176 1 2 3 1554 
Tx 2.5176 1 2 3 1554 
Tx 2.5176 1 2 3 1554 
Rx 2.51765 1 2 3 1554 742765
Rx 2.51765 1 2 3 1554 741490
Rx 2.51765 1 2 3 1554 740215
Rx 2.51765 1 2 3 1554 738940
Rx 2.51765 1 2 3 1554 737665
Rx 2.51765 1 2 3 1554 651690
Rx 2.51765 1 2 3 1554 650415
Rx 2.51765 1 2 3 1554 649140
Rx 2.51765 1 2 3 1554 647865
Rx 2.51765 1 2 3 1554 646590
Rx 2.51765 1 2 3 1554 645315
Tx 2.51769 1 2 3 1554 
Tx 2.51769 1 2 3 1554 
Tx 2.51769 1 2 3 1554 
Tx 2.5177 1 2 3 1554 
Tx 2.5177 1 2 3 1554 
Tx 2.5177 1 2 3 1554 
Tx 2.5177 1 2 3 1554 
Tx 2.5177 1 2 3 1554 
Tx 2.5177 1 2 3 1554 
Tx 2.5177 1 2 3 1554 
Tx 2.5177 1 1 3 54 
Tx 2.5177 1 1 3 54 
Tx 2.5177 1 1 3 54 
Tx 2.5177 1 1 3 54 
Tx 2.5177 1 1 3 54 
Tx 2.5177 1 1 3 54 
Tx 2.5177 1 1 3 54 
Tx 2.5177 1 1 3 54 
Tx 2.5177 1 1 3 54 
Tx 2.5177 1 1 3 54 
Tx 2.5177 1 1 3 54 
Tx 2.5177 1 1 3 54 
Tx 2.5177 1 1 3 54 
Tx 2.5177 1 1 3 54 
Tx 2.5177 1 1 3 54 
Tx 2.5177 1 1 3 54 
Tx 2.5177 1 1 3 54 
Tx 2.5177 1 1 3 54 
Tx 2.5177 1 1 3 54 
Tx 2.5177 1 1 3 54 
Tx 2.5177 1 1 3 54 
Tx 2.51771 1 1 3 54 
Tx 2.51771 1 1 3 54 
Tx 2.51771 1 1 3 54 
Tx 2.51771 1 1 3 54 
Rx 2.51775 1 2 3 1554 739880
Rx 2.51775 1 2 3 1554 738605
Rx 2.51775 1 2 3 1554 737330
Rx 2.51775 1 2 3 1554 736055
Rx 2.51775 1 2 3 1554 734780
Rx 2.51775 1 2 3 1554 733505
Rx 2.51775 1 2 3 1554 732230
Rx 2.51775 1 2 3 1554 551690
Rx 2.51775 1 2 3 1554 550415
Rx 2.51775 1 2 3 1554 549140
Rx 2.51775 1 2 3 1554 547865
Tx 2.5178 1 2 3 1554 
Tx 2.5178 1 2 3 1554 
Tx 2.5178 1 2 3 1554 
Tx 2.5178 1 2 3 1554 
Tx 2.5178 1 2 3 1554 
Tx 2.5178 1 2 3 1554 
Tx 2.5178 1 2 3 1554 
Tx 2.5178 1 2 3 1554 
Tx 2.51781 1 2 3 1554 
Tx 2.51781 1 2 3 1554 
Tx 2.51781 1 2 3 1554 
Tx 2.51781 1 2 3 1554 
Tx 2.51781 1 2 3 1554 
Rx 2.51784 1 2 3 1554 642430
Rx 2.51784 1 2 3 1554 641155
Rx 2.51784 1 2 3 1554 639880
Rx 2.51784 1 2 3 1554 638605
Rx 2.51784 1 2 3 1554 637330
Rx 2.51784 1 2 3 1554 636055
Rx 2.51784 1 2 3 1554 543370
Rx 2.51784 1 2 3 1554 542095
Rx 2.51784 1 2 3 1554 540820
Rx 2.51784 1 2 3 1554 539545
Rx 2.51784 1 2 3 1554 538270
Tx 2.5179 1 2 3 1554 
Tx 2.5179 1 2 3 1554 
Tx 2.5179 1 2 3 1554 
Tx 2.5179 1 2 3 1554 
Tx 2.51791 1 2 3 1554 
Tx 2.51791 1 2 3 1554 
Tx 2.51791 1 2 3 1554 
Tx 2.51791 1 2 3 1554 
Tx 2.51791 1 2 3 1554 
Tx 2.51791 1 2 3 1554 
Tx 2.51791 1 2 3 1554 
Rx 2.51794 1 2 3 1554 636995
Rx 2.51794 1 2 3 1554 635720
Rx 2.51794 1 2 3 1554 634445
Rx 2.51794 1 2 3 1554 633170
Rx 2.51794 1 2 3 1554 631895
Rx 2.51794 1 2 3 1554 630620
Rx 2.51794 1 2 3 1554 629345
Rx 2.51794 1 2 3 1554 543370
Rx 2.51794 1 2 3 1554 542095
Rx 2.51794 1 2 3 1554 540820
Tx 2.51799 1 2 3 1554 
Tx 2.51799 1 2 3 1554 
Tx 2.51799 1 2 3 1554 
Tx 2.51799 1 2 3 1554 
Tx 2.51799 1 2 3 1554 
Tx 2.51799 1 2 3 1554 
Tx 2.518 1 2 3 1554 
Tx 2.518 1 2 3 1554 
Tx 2.518 1 2 3 1554 
Tx 2.518 1 2 3 1554 
Tx 2.518 1 2 3 1554 
Tx 2.518 1 2 3 1554 
Rx 2.51804 1 2 3 1554 635385
Rx 2.51804 1 2 3 1554 634110
Rx 2.51804 1 2 3 1554 632835
Rx 2.51804 1 2 3 1554 631560
Rx 2.51804 1 2 3 1554 630285
Rx 2.51804 1 2 3 1554 629010
Rx 2.51804 1 2 3 1554 627735
Rx 2.51804 1 2 3 1554 564170
Rx 2.51804 1 2 3 1554 562895
Rx 2.51805 1 1 3 54 795690
Rx 2.51805 1 1 3 54 795615
Rx 2.51805 1 1 3 54 795540
Rx 2.51805 1 1 3 54 795465
Rx 2.51805 1 1 3 54 795390
Rx 2.51805 1 1 3 54 795315
Rx 2.51805 1 1 3 54 795240
Rx 2.51805 1 1 3 54 795165
Rx 2.51805 1 1 3 54 795090
Rx 2.51805 1 1 3 54 795015
Rx 2.51805 1 1 3 54 794940
Rx 2.51805 1 1 3 54 794865
Rx 2.51805 1 1 3 54 794790
Rx 2.51805 1 1 3 54 794715
Rx 2.51805 1 1 3 54 794640
Rx 2.51805 1 1 3 54 794565
Rx 2.51805 1 1 3 54 794490
Rx 2.51805 1 1 3 54 794415
Rx 2.51805 1 1 3 54 794340
Rx 2.51805 1 1 3 54 794265
Rx 2.51805 1 1 3 54 794190
Rx 2.51805 1 1 3 54 794115
Rx 2.51805 1 1 3 54 794040
Rx 2.51805 1 1 3 54 793965
Rx 2.51805 1 1 3 54 793890
Rx 2.51805 1 1 3 54 793815
Rx 2.51805 1 1 3 54 793740
Rx 2.51805 1 1 3 54 793665
Rx 2.51805 1 1 3 54 793590
Rx 2.51805 1 1 3 54 793515
Rx 2.51805 1 1 3 54 793440
Rx 2.51805 1 1 3 54 793365
Rx 2.51805 1 1 3 54 793290
Rx 2.51805 1 1 3 54 793215
Rx 2.51805 1 1 3 54 793140
Rx 2.51805 1 1 3 54 793065
Rx 2.51805 1 1 3 54 792990
Rx 2.51805 1 1 3 54 344300
Rx 2.51805 1 1 3 54 344225
Rx 2.51805 1 1 3 54 344150
Rx 2.51805 1 1 3 54 344075
Rx 2.51805 1 1 3 54 344000
Rx 2.51805 1 1 3 54 343925
Rx 2.51805 1 1 3 54 343850
Rx 2.51805 1 1 3 54 343775
Rx 2.51805 1 1 3 54 343700
Rx 2.51805 1 1 3 54 343625
Rx 2.51805 1 1 3 54 343550
Rx 2.51805 1 1 3 54 343475
Rx 2.51805 1 1 3 54 343400
Rx 2.51805 1 1 3 54 343325
Rx 2.51805 1 1 3 54 343250
Rx 2.51805 1 1 3 54 343175
Rx 2.51805 1 1 3 54 343100
Rx 2.51805 1 1 3 54 343025
Rx 2.51805 1 1 3 54 342950
Rx 2.51805 1 1 3 54 342875
Rx 2.51805 1 1 3 54 342800
Rx 2.51805 1 1 3 54 342725
Rx 2.51805 1 1 3 54 342650
Tx 2.51806 1 1 3 54 
Tx 2.51806 1 1 3 54 
Tx 2.51806 1 1 3 54 
Tx 2.51806 1 1 3 54 
Tx 2.51806 1 1 3 54 
Tx 2.51806 1 1 3 54 
Tx 2.51806 1 1 3 54 
Tx 2.51806 1 1 3 54 
Tx 2.51806 1 1 3 54 
Tx 2.51806 1 1 3 54 
Tx 2.51806 1 1 3 54 
Tx 2.51806 1 1 3 54 
Tx 2.51806 1 1 3 54 
Tx 2.51806 1 1 3 54 
Tx 2.51806 1 1 3 54 
Tx 2.51806 1 1 3 54 
Tx 2.51806 1 1 3 54 
Tx 2.51806 1 1 3 54 
Tx 2.51806 1 1 3 54 
Tx 2.51806 1 1 3 54 
Tx 2.51806 1 1 3 54 
Tx 2.51806 1 1 3 54 
Tx 2.51806 1 1 3 54 
Tx 2.51806 1 1 3 54 
Tx 2.51806 1 1 3 54 
Tx 2.51806 1 1 3 54 
Tx 2.51806 1 1 3 54 
Tx 2.51806 1 1 3 54 
Tx 2.51806 1 1 3 54 
Tx 2.51806 1 1 3 54 
Tx 2.51806 1 1 3 54 
Tx 2.51806 1 1 3 54 
Tx 2.51806 1 1 3 54 
Tx 2.51806 1 1 3 54 
Tx 2.51806 1 1 3 54 
Tx 2.51806 1 1 3 54 
Tx 2.51806 1 1 3 54 
Tx 2.51806 1 1 3 54 
Tx 2.51806 1 1 3 54 
Tx 2.51806 1 1 3 54 
Tx 2.51806 1 1 3 54 
Tx 2.51806 1 1 3 54 
Tx 2.51806 1 1 3 54 
Rx 2.51811 1 1 3 54 405135
Rx 2.51811 1 1 3 54 405060
Rx 2.51815 1 2 3 1554 669940
Rx 2.51815 1 2 3 1554 668665
Rx 2.51815 1 2 3 1554 667390
Rx 2.51815 1 2 3 1554 666115
Rx 2.51815 1 2 3 1554 664840
Rx 2.51815 1 2 3 1554 663565
Rx 2.51815 1 2 3 1554 560010
Rx 2.51815 1 2 3 1554 558735
Rx 2.51815 1 2 3 1554 557460
Rx 2.51815 1 2 3 1554 556185
Tx 2.51819 1 2 3 1554 
Tx 2.51819 1 2 3 1554 
Tx 2.51819 1 2 3 1554 
Tx 2.51819 1 2 3 1554 
Tx 2.51819 1 2 3 1554 
Tx 2.51819 1 2 3 1554 
Tx 2.5182 1 2 3 1554 
Tx 2.5182 1 2 3 1554 
Tx 2.5182 1 2 3 1554 
Tx 2.5182 1 2 3 1554 
Tx 2.51828 1 2 3 1554 
Tx 2.51828 1 2 3 1554 
Tx 2.51828 1 2 3 1554 
Tx 2.51828 1 2 3 1554 
Tx 2.51828 1 2 3 1554 
Tx 2.51829 1 2 3 1554 
Tx 2.51829 1 2 3 1554 
Rx 2.51835 1 2 3 1554 759070
Rx 2.51835 1 2 3 1554 757795
Rx 2.51835 1 2 3 1554 756520
Rx 2.51835 1 2 3 1554 755245
Rx 2.51835 1 2 3 1554 753970
Rx 2.51835 1 2 3 1554 752695
Rx 2.51835 1 2 3 1554 751420
Rx 2.51835 1 2 3 1554 660010
Tx 2.51838 1 2 3 1554 
Tx 2.51838 1 2 3 1554 
Tx 2.51839 1 2 3 1554 
Tx 2.51839 1 2 3 1554 
Tx 2.51839 1 2 3 1554 
Tx 2.51839 1 2 3 1554 
Tx 2.51839 1 2 3 1554 
Tx 2.51839 1 2 3 1554 
Rx 2.51845 1 2 3 1554 754575
Rx 2.51845 1 2 3 1554 753300
Rx 2.51845 1 2 3 1554 752025
Rx 2.51845 1 2 3 1554 750750
Rx 2.51845 1 2 3 1554 749475
Rx 2.51845 1 2 3 1554 748200
Rx 2.51845 1 2 3 1554 746925
Rx 2.51845 1 2 3 1554 745650
Rx 2.51845 1 2 3 1554 744375
Rx 2.51845 1 2 3 1554 651690
Rx 2.51845 1 2 3 1554 650415
Tx 2.51849 1 2 3 1554 
Tx 2.51849 1 2 3 1554 
Tx 2.51849 1 2 3 1554 
Tx 2.51849 1 2 3 1554 
Tx 2.51849 1 2 3 1554 
Tx 2.51849 1 2 3 1554 
Tx 2.5185 1 2 3 1554 
Tx 2.5185 1 2 3 1554 
Tx 2.5185 1 2 3 1554 
Tx 2.5185 1 2 3 1554 
Tx 2.5185 1 1 3 54 
Tx 2.5185 1 1 3 54 
Tx 2.5185 1 1 3 54 
Tx 2.5185 1 1 3 54 
Tx 2.5185 1 1 3 54 
Tx 2.5185 1 1 3 54 
Tx 2.5185 1 1 3 54 
Tx 2.5185 1 1 3 54 
Tx 2.5185 1 1 3 54 
Tx 2.5185 1 1 3 54 
Tx 2.5185 1 1 3 54 
Tx 2.5185 1 1 3 54 
Tx 2.5185 1 1 3 54 
Tx 2.5185 1 1 3 54 
Tx 2.5185 1 1 3 54 
Tx 2.5185 1 1 3 54 
Tx 2.5185 1 1 3 54 
Tx 2.5185 1 1 3 54 
Tx 2.5185 1 1 3 54 
Tx 2.5185 1 1 3 54 
Tx 2.5185 1 1 3 54 
Tx 2.5185 1 1 3 54 
Tx 2.5185 1 1 3 54 
Tx 2.5185 1 1 3 54 
Tx 2.5185 1 1 3 54 
Tx 2.5185 1 1 3 54 
Tx 2.5185 1 1 3 54 
Tx 2.5185 1 1 3 54 
Tx 2.5185 1 1 3 54 
Rx 2.51851 1 1 3 54 458250
Rx 2.51851 1 1 3 54 458175
Rx 2.51851 1 1 3 54 458100
Rx 2.51851 1 1 3 54 458025
Rx 2.51851 1 1 3 54 457950
Rx 2.51851 1 1 3 54 457875
Rx 2.51851 1 1 3 54 457800
Rx 2.51851 1 1 3 54 457725
Rx 2.51851 1 1 3 54 457650
Rx 2.51851 1 1 3 54 457575
Rx 2.51851 1 1 3 54 457500
Rx 2.51851 1 1 3 54 457425
Rx 2.51851 1 1 3 54 457350
Rx 2.51851 1 1 3 54 457275
Rx 2.51851 1 1 3 54 457200
Rx 2.51851 1 1 3 54 457125
Rx 2.51851 1 1 3 54 457050
Rx 2.51851 1 1 3 54 456975
Rx 2.51851 1 1 3 54 456900
Rx 2.51851 1 1 3 54 456825
Rx 2.51851 1 1 3 54 456750
Rx 2.51851 1 1 3 54 456675
Rx 2.51851 1 1 3 54 456600
Rx 2.51851 1 1 3 54 456525
Rx 2.51851 1 1 3 54 456450
Rx 2.51851 1 1 3 54 456375
Rx 2.51851 1 1 3 54 456300
Rx 2.51851 1 1 3 54 456225
Rx 2.51851 1 1 3 54 456150
Rx 2.51851 1 1 3 54 456075
Rx 2.51851 1 1 3 54 456000
Rx 2.51851 1 1 3 54 455925
Rx 2.51851 1 1 3 54 455850
Rx 2.51851 1 1 3 54 455775
Rx 2.51851 1 1 3 54 455700
Rx 2.51851 1 1 3 54 455625
Rx 2.51851 1 1 3 54 455550
Rx 2.51851 1 1 3 54 455475
Rx 2.51851 1 1 3 54 455400
Rx 2.51851 1 1 3 54 455325
Rx 2.51851 1 1 3 54 455250
Rx 2.51851 1 1 3 54 455175
Rx 2.51855 1 2 3 1554 753300
Rx 2.51855 1 2 3 1554 752025
Rx 2.51855 1 2 3 1554 750750
Rx 2.51855 1 2 3 1554 749475
Rx 2.51855 1 2 3 1554 748200
Rx 2.51855 1 2 3 1554 746925
Rx 2.51855 1 2 3 1554 745650
Rx 2.51855 1 2 3 1554 744375
Rx 2.51855 1 2 3 1554 743100
Rx 2.51855 1 2 3 1554 741825
Tx 2.51859 1 2 3 1554 
Tx 2.51859 1 2 3 1554 
Tx 2.51859 1 2 3 1554 
Tx 2.5186 1 2 3 1554 
Tx 2.5186 1 2 3 1554 
Tx 2.5186 1 2 3 1554 
Tx 2.5186 1 2 3 1554 
Tx 2.5186 1 2 3 1554 
Tx 2.5186 1 2 3 1554 
Tx 2.5186 1 2 3 1554 
Rx 2.51865 1 2 3 1554 836390
Rx 2.51865 1 2 3 1554 747530
Rx 2.51865 1 2 3 1554 746255
Rx 2.51865 1 2 3 1554 744980
Rx 2.51865 1 2 3 1554 743705
Rx 2.51865 1 2 3 1554 742430
Rx 2.51865 1 2 3 1554 741155
Rx 2.51865 1 2 3 1554 739880
Rx 2.51865 1 2 3 1554 738605
Rx 2.51865 1 2 3 1554 737330
Tx 2.51869 1 2 3 1554 
Tx 2.51869 1 2 3 1554 
Tx 2.51869 1 2 3 1554 
Tx 2.51869 1 2 3 1554 
Tx 2.51869 1 2 3 1554 
Tx 2.51869 1 2 3 1554 
Tx 2.5187 1 2 3 1554 
Tx 2.5187 1 2 3 1554 
Tx 2.5187 1 2 3 1554 
Tx 2.5187 1 2 3 1554 
Tx 2.5187 1 2 3 1554 
Rx 2.51871 1 1 3 54 650940
Rx 2.51871 1 1 3 54 211020
Rx 2.51871 1 1 3 54 210945
Rx 2.51871 1 1 3 54 210870
Rx 2.51871 1 1 3 54 210795
Rx 2.51871 1 1 3 54 210720
Rx 2.51871 1 1 3 54 210645
Rx 2.51871 1 1 3 54 210570
Rx 2.51871 1 1 3 54 210495
Rx 2.51871 1 1 3 54 210420
Rx 2.51874 1 2 3 1554 831895
Rx 2.51874 1 2 3 1554 830620
Rx 2.51874 1 2 3 1554 755850
Rx 2.51874 1 2 3 1554 754575
Rx 2.51874 1 2 3 1554 753300
Rx 2.51874 1 2 3 1554 752025
Rx 2.51874 1 2 3 1554 750750
Rx 2.51874 1 2 3 1554 749475
Rx 2.51874 1 2 3 1554 748200
Tx 2.51878 1 2 3 1554 
Tx 2.51878 1 2 3 1554 
Tx 2.51878 1 2 3 1554 
Tx 2.51878 1 2 3 1554 
Tx 2.51878 1 2 3 1554 
Tx 2.51879 1 2 3 1554 
Tx 2.51879 1 2 3 1554 
Tx 2.51879 1 2 3 1554 
Tx 2.51879 1 2 3 1554 
Rx 2.51881 1 1 3 54 310345
Rx 2.51881 1 1 3 54 310270
Rx 2.51881 1 1 3 54 310195
Rx 2.51881 1 1 3 54 310120
Rx 2.51881 1 1 3 54 310045
Rx 2.51881 1 1 3 54 309970
Rx 2.51881 1 1 3 54 309895
Rx 2.51881 1 1 3 54 309820
Rx 2.51881 1 1 3 54 309745
Rx 2.51881 1 1 3 54 309670
Rx 2.51881 1 1 3 54 309595
Rx 2.51881 1 1 3 54 309520
Rx 2.51881 1 1 3 54 309445
Rx 2.51881 1 1 3 54 309370
Rx 2.51881 1 1 3 54 309295
Rx 2.51881 1 1 3 54 309220
Rx 2.51881 1 1 3 54 309145
Rx 2.51881 1 1 3 54 309070
Rx 2.51881 1 1 3 54 308995
Rx 2.51885 1 2 3 1554 851085
Rx 2.51885 1 2 3 1554 849810
Rx 2.51885 1 2 3 1554 848535
Rx 2.51885 1 2 3 1554 847260
Rx 2.51885 1 2 3 1554 845985
Rx 2.51885 1 2 3 1554 660010
Rx 2.51885 1 2 3 1554 658735
Rx 2.51885 1 2 3 1554 657460
Rx 2.51885 1 2 3 1554 656185
Rx 2.51885 1 2 3 1554 654910
Rx 2.51885 1 2 3 1554 653635
Tx 2.51889 1 2 3 1554 
Tx 2.51889 1 2 3 1554 
Tx 2.51889 1 2 3 1554 
Tx 2.51889 1 2 3 1554 
Tx 2.51889 1 2 3 1554 
Tx 2.51889 1 2 3 1554 
Tx 2.5189 1 2 3 1554 
Tx 2.5189 1 2 3 1554 
Tx 2.5189 1 2 3 1554 
Tx 2.5189 1 2 3 1554 
Tx 2.5189 1 1 3 54 
Tx 2.5189 1 1 3 54 
Tx 2.5189 1 1 3 54 
Tx 2.5189 1 1 3 54 
Tx 2.5189 1 1 3 54 
Tx 2.5189 1 1 3 54 
Tx 2.5189 1 1 3 54 
Tx 2.5189 1 1 3 54 
Tx 2.5189 1 1 3 54 
Tx 2.5189 1 1 3 54 
Tx 2.5189 1 1 3 54 
Tx 2.5189 1 1 3 54 
Tx 2.5189 1 1 3 54 
Tx 2.5189 1 1 3 54 
Tx 2.5189 1 1 3 54 
Tx 2.5189 1 1 3 54 
Tx 2.5189 1 1 3 54 
Tx 2.5189 1 1 3 54 
Tx 2.5189 1 1 3 54 
Tx 2.5189 1 1 3 54 
Tx 2.5189 1 1 3 54 
Tx 2.5189 1 1 3 54 
Tx 2.5189 1 1 3 54 
Tx 2.5189 1 1 3 54 
Tx 2.5189 1 1 3 54 
Tx 2.5189 1 1 3 54 
Tx 2.5189 1 1 3 54 
Tx 2.5189 1 1 3 54 
Tx 2.5189 1 1 3 54 
Tx 2.5189 1 1 3 54 
Tx 2.5189 1 1 3 54 
Tx 2.5189 1 1 3 54 
Tx 2.5189 1 1 3 54 
Tx 2.5189 1 1 3 54 
Tx 2.5189 1 1 3 54 
Tx 2.5189 1 1 3 54 
Tx 2.5189 1 1 3 54 
Tx 2.5189 1 1 3 54 
Tx 2.5189 1 1 3 54 
Rx 2.51891 1 1 3 54 408920
Rx 2.51895 1 2 3 1554 752360
Rx 2.51895 1 2 3 1554 751085
Rx 2.51895 1 2 3 1554 749810
Rx 2.51895 1 2 3 1554 748535
Rx 2.51895 1 2 3 1554 668330
Rx 2.51895 1 2 3 1554 667055
Rx 2.51895 1 2 3 1554 665780
Rx 2.51895 1 2 3 1554 664505
Rx 2.51895 1 2 3 1554 663230
Rx 2.51895 1 2 3 1554 661955
Tx 2.51899 1 2 3 1554 
Tx 2.51899 1 2 3 1554 
Tx 2.51899 1 2 3 1554 
Tx 2.51899 1 2 3 1554 
Tx 2.51899 1 2 3 1554 
Tx 2.51899 1 2 3 1554 
Tx 2.519 1 2 3 1554 
Tx 2.519 1 2 3 1554 
Tx 2.519 1 2 3 1554 
Tx 2.519 1 2 3 1554 
Rx 2.51905 1 2 3 1554 764840
Rx 2.51905 1 2 3 1554 668330
Rx 2.51905 1 2 3 1554 667055
Rx 2.51905 1 2 3 1554 665780
Rx 2.51905 1 2 3 1554 664505
Rx 2.51905 1 2 3 1554 663230
Rx 2.51905 1 2 3 1554 661955
Rx 2.51915 1 2 3 1554 756520
Rx 2.51915 1 2 3 1554 755245
Rx 2.51915 1 2 3 1554 660010
Rx 2.51915 1 2 3 1554 658735
Rx 2.51915 1 2 3 1554 657460
Rx 2.51915 1 2 3 1554 656185
Rx 2.51915 1 2 3 1554 654910
Rx 2.51915 1 2 3 1554 653635
Tx 2.51918 1 2 3 1554 
Tx 2.51918 1 2 3 1554 
Tx 2.51918 1 2 3 1554 
Tx 2.51918 1 2 3 1554 
Tx 2.51918 1 2 3 1554 
Tx 2.51919 1 2 3 1554 
Tx 2.51919 1 2 3 1554 
Tx 2.51919 1 2 3 1554 
Tx 2.51929 1 2 3 1554 
Tx 2.51929 1 2 3 1554 
Tx 2.51929 1 2 3 1554 
Tx 2.51929 1 2 3 1554 
Tx 2.51929 1 2 3 1554 
Tx 2.51929 1 2 3 1554 
Tx 2.5193 1 2 3 1554 
Tx 2.5193 1 2 3 1554 
Tx 2.5193 1 2 3 1554 
Tx 2.5193 1 2 3 1554 
Tx 2.5193 1 1 3 54 
Tx 2.5193 1 1 3 54 
Tx 2.5193 1 1 3 54 
Tx 2.5193 1 1 3 54 
Tx 2.5193 1 1 3 54 
Tx 2.5193 1 1 3 54 
Tx 2.5193 1 1 3 54 
Tx 2.5193 1 1 3 54 
Tx 2.5193 1 1 3 54 
Tx 2.5193 1 1 3 54 
Tx 2.5193 1 1 3 54 
Tx 2.5193 1 1 3 54 
Tx 2.5193 1 1 3 54 
Tx 2.5193 1 1 3 54 
Tx 2.5193 1 1 3 54 
Tx 2.5193 1 1 3 54 
Tx 2.5193 1 1 3 54 
Tx 2.5193 1 1 3 54 
Tx 2.5193 1 1 3 54 
Tx 2.5193 1 1 3 54 
Tx 2.5193 1 1 3 54 
Tx 2.5193 1 1 3 54 
Tx 2.5193 1 1 3 54 
Tx 2.5193 1 1 3 54 
Tx 2.5193 1 1 3 54 
Tx 2.5193 1 1 3 54 
Tx 2.5193 1 1 3 54 
Tx 2.5193 1 1 3 54 
Tx 2.5193 1 1 3 54 
Tx 2.5193 1 1 3 54 
Tx 2.5193 1 1 3 54 
Tx 2.5193 1 1 3 54 
Tx 2.5193 1 1 3 54 
Tx 2.5193 1 1 3 54 
Tx 2.5193 1 1 3 54 
Tx 2.5193 1 1 3 54 
Tx 2.5193 1 1 3 54 
Rx 2.51935 1 2 3 1554 852360
Rx 2.51935 1 2 3 1554 851085
Rx 2.51935 1 2 3 1554 849810
Rx 2.51935 1 2 3 1554 848535
Rx 2.51935 1 2 3 1554 755850
Rx 2.51935 1 2 3 1554 754575
Rx 2.51935 1 2 3 1554 753300
Rx 2.51935 1 2 3 1554 752025
Rx 2.51935 1 2 3 1554 750750
Rx 2.51935 1 2 3 1554 749475
Tx 2.51939 1 2 3 1554 
Tx 2.51939 1 2 3 1554 
Tx 2.51939 1 2 3 1554 
Tx 2.51939 1 2 3 1554 
Tx 2.51939 1 2 3 1554 
Tx 2.51939 1 2 3 1554 
Tx 2.5194 1 2 3 1554 
Tx 2.5194 1 2 3 1554 
Tx 2.5194 1 2 3 1554 
Tx 2.5194 1 2 3 1554 
Rx 2.51941 1 1 3 54 515180
Rx 2.51941 1 1 3 54 515105
Rx 2.51941 1 1 3 54 515030
Rx 2.51941 1 1 3 54 514955
Rx 2.51941 1 1 3 54 514880
Rx 2.51941 1 1 3 54 514805
Rx 2.51941 1 1 3 54 514730
Rx 2.51941 1 1 3 54 514655
Rx 2.51941 1 1 3 54 514580
Rx 2.51941 1 1 3 54 514505
Rx 2.51941 1 1 3 54 514430
Rx 2.51941 1 1 3 54 514355
Rx 2.51941 1 1 3 54 514280
Rx 2.51941 1 1 3 54 514205
Rx 2.51941 1 1 3 54 514130
Rx 2.51941 1 1 3 54 514055
Rx 2.51941 1 1 3 54 513980
Rx 2.51941 1 1 3 54 513905
Rx 2.51941 1 1 3 54 513830
Rx 2.51941 1 1 3 54 513755
Rx 2.51941 1 1 3 54 513680
Rx 2.51941 1 1 3 54 513605
Rx 2.51941 1 1 3 54 513530
Rx 2.51941 1 1 3 54 513455
Rx 2.51941 1 1 3 54 513380
Rx 2.51941 1 1 3 54 513305
Rx 2.51941 1 1 3 54 513230
Rx 2.51941 1 1 3 54 513155
Rx 2.51941 1 1 3 54 513080
Rx 2.51941 1 1 3 54 513005
Rx 2.51941 1 1 3 54 512930
Rx 2.51941 1 1 3 54 512855
Rx 2.51941 1 1 3 54 512780
Rx 2.51941 1 1 3 54 512705
Rx 2.51941 1 1 3 54 512630
Rx 2.51941 1 1 3 54 512555
Rx 2.51941 1 1 3 54 512480
Rx 2.51941 1 1 3 54 512405
Rx 2.51944 1 2 3 1554 844040
Rx 2.51944 1 2 3 1554 842765
Rx 2.51944 1 2 3 1554 841490
Rx 2.51944 1 2 3 1554 840215
Rx 2.51944 1 2 3 1554 755850
Rx 2.51944 1 2 3 1554 754575
Rx 2.51944 1 2 3 1554 753300
Rx 2.51944 1 2 3 1554 752025
Tx 2.51948 1 2 3 1554 
Tx 2.51948 1 2 3 1554 
Tx 2.51948 1 2 3 1554 
Tx 2.51948 1 2 3 1554 
Tx 2.51948 1 2 3 1554 
Tx 2.51948 1 2 3 1554 
Tx 2.51948 1 2 3 1554 
Tx 2.51948 1 2 3 1554 
Rx 2.51951 1 1 3 54 608170
Rx 2.51951 1 1 3 54 211020
Rx 2.51951 1 1 3 54 210945
Rx 2.51951 1 1 3 54 210870
Rx 2.51951 1 1 3 54 210795
Rx 2.51951 1 1 3 54 210720
Rx 2.51951 1 1 3 54 210645
Rx 2.51951 1 1 3 54 210570
Rx 2.51951 1 1 3 54 210495
Rx 2.51951 1 1 3 54 210420
Rx 2.51954 1 2 3 1554 850750
Rx 2.51954 1 2 3 1554 849475
Rx 2.51954 1 2 3 1554 848200
Rx 2.51954 1 2 3 1554 846925
Rx 2.51954 1 2 3 1554 845650
Rx 2.51954 1 2 3 1554 844375
Rx 2.51954 1 2 3 1554 843100
Rx 2.51954 1 2 3 1554 764170
Rx 2.51954 1 2 3 1554 762895
Tx 2.51958 1 2 3 1554 
Tx 2.51958 1 2 3 1554 
Tx 2.51958 1 2 3 1554 
Tx 2.51958 1 2 3 1554 
Tx 2.51958 1 2 3 1554 
Tx 2.51959 1 2 3 1554 
Tx 2.51959 1 2 3 1554 
Tx 2.51959 1 2 3 1554 
Tx 2.51959 1 2 3 1554 
Rx 2.51965 1 2 3 1554 869940
Rx 2.51965 1 2 3 1554 868665
Rx 2.51965 1 2 3 1554 867390
Rx 2.51965 1 2 3 1554 866115
Rx 2.51965 1 2 3 1554 864840
Rx 2.51965 1 2 3 1554 863565
Rx 2.51965 1 2 3 1554 862290
Rx 2.51965 1 2 3 1554 764170
Rx 2.51965 1 2 3 1554 762895
Rx 2.51965 1 2 3 1554 761620
Rx 2.51965 1 2 3 1554 760345
Rx 2.51965 1 2 3 1554 759070
Tx 2.5197 1 2 3 1554 
Tx 2.5197 1 2 3 1554 
Tx 2.5197 1 2 3 1554 
Tx 2.5197 1 2 3 1554 
Tx 2.5197 1 2 3 1554 
Tx 2.5197 1 2 3 1554 
Tx 2.5197 1 2 3 1554 
Tx 2.5197 1 2 3 1554 
Tx 2.51971 1 2 3 1554 
Tx 2.51971 1 2 3 1554 
Tx 2.51971 1 2 3 1554 
Tx 2.51971 1 1 3 54 
Tx 2.51971 1 1 3 54 
Tx 2.51971 1 1 3 54 
Tx 2.51971 1 1 3 54 
Tx 2.51971 1 1 3 54 
Tx 2.51971 1 1 3 54 
Tx 2.51971 1 1 3 54 
Tx 2.51971 1 1 3 54 
Tx 2.51971 1 1 3 54 
Tx 2.51971 1 1 3 54 
Tx 2.51971 1 1 3 54 
Tx 2.51971 1 1 3 54 
Tx 2.51971 1 1 3 54 
Tx 2.51971 1 1 3 54 
Tx 2.51971 1 1 3 54 
Tx 2.51971 1 1 3 54 
Tx 2.51971 1 1 3 54 
Tx 2.51971 1 1 3 54 
Tx 2.51971 1 1 3 54 
Tx 2.51971 1 1 3 54 
Tx 2.51971 1 1 3 54 
Tx 2.51971 1 1 3 54 
Tx 2.51971 1 1 3 54 
Tx 2.51971 1 1 3 54 
Tx 2.51971 1 1 3 54 
Tx 2.51971 1 1 3 54 
Rx 2.51975 1 2 3 1554 853635
Rx 2.51975 1 2 3 1554 852360
Rx 2.51975 1 2 3 1554 851085
Rx 2.51975 1 2 3 1554 849810
Rx 2.51975 1 2 3 1554 848535
Rx 2.51975 1 2 3 1554 760010
Rx 2.51975 1 2 3 1554 758735
Rx 2.51975 1 2 3 1554 757460
Rx 2.51975 1 2 3 1554 756185
Rx 2.51975 1 2 3 1554 754910
Rx 2.51975 1 2 3 1554 753635
Tx 2.5198 1 2 3 1554 
Tx 2.5198 1 2 3 1554 
Tx 2.5198 1 2 3 1554 
Tx 2.5198 1 2 3 1554 
Tx 2.5198 1 2 3 1554 
Tx 2.5198 1 2 3 1554 
Tx 2.5198 1 2 3 1554 
Tx 2.5198 1 2 3 1554 
Tx 2.51981 1 2 3 1554 
Tx 2.51981 1 2 3 1554 
Tx 2.51981 1 2 3 1554 
Tx 2.51981 1 2 3 1554 
Tx 2.51981 1 2 3 1554 
Rx 2.51984 1 2 3 1554 848200
Rx 2.51984 1 2 3 1554 846925
Rx 2.51984 1 2 3 1554 845650
Rx 2.51984 1 2 3 1554 844375
Rx 2.51984 1 2 3 1554 664170
Rx 2.51984 1 2 3 1554 662895
Rx 2.51984 1 2 3 1554 661620
Rx 2.51984 1 2 3 1554 660345
Rx 2.51984 1 2 3 1554 659070
Rx 2.51984 1 2 3 1554 657795
Tx 2.5199 1 2 3 1554 
Tx 2.5199 1 2 3 1554 
Tx 2.5199 1 2 3 1554 
Tx 2.5199 1 2 3 1554 
Tx 2.51991 1 2 3 1554 
Tx 2.51991 1 2 3 1554 
Tx 2.51991 1 2 3 1554 
Tx 2.51991 1 2 3 1554 
Tx 2.51991 1 2 3 1554 
Tx 2.51991 1 2 3 1554 
Tx 2.51991 1 2 3 1554 
Rx 2.51994 1 2 3 1554 756520
Rx 2.51994 1 2 3 1554 755245
Rx 2.51994 1 2 3 1554 655850
Rx 2.51994 1 2 3 1554 654575
Rx 2.51994 1 2 3 1554 653300
Rx 2.51994 1 2 3 1554 652025
Rx 2.51994 1 2 3 1554 650750
Rx 2.51994 1 2 3 1554 649475
Rx 2.51994 1 2 3 1554 648200
Rx 2.51994 1 2 3 1554 646925
Rx 2.51994 1 2 3 1554 645650
Tx 2.51999 1 2 3 1554 
Tx 2.51999 1 2 3 1554 
Tx 2.51999 1 2 3 1554 
Tx 2.51999 1 2 3 1554 
Tx 2.51999 1 2 3 1554 
Tx 2.51999 1 2 3 1554 
Tx 2.52 1 2 3 1554 
Tx 2.52 1 2 3 1554 
Tx 2.52 1 2 3 1554 
Tx 2.52 1 2 3 1554 
Tx 2.52 1 2 3 1554 
Tx 2.52 1 2 3 1554 
Rx 2.52004 1 2 3 1554 740215
Rx 2.52004 1 2 3 1554 651690
Rx 2.52004 1 2 3 1554 650415
Rx 2.52004 1 2 3 1554 649140
Rx 2.52004 1 2 3 1554 647865
Rx 2.52004 1 2 3 1554 646590
Rx 2.52004 1 2 3 1554 645315
Rx 2.52004 1 2 3 1554 644040
Rx 2.52004 1 2 3 1554 642765
Rx 2.52005 1 1 3 54 747785
Rx 2.52005 1 1 3 54 747710
Rx 2.52005 1 1 3 54 747635
Rx 2.52005 1 1 3 54 747560
Rx 2.52005 1 1 3 54 747485
Rx 2.52005 1 1 3 54 747410
Rx 2.52005 1 1 3 54 747335
Rx 2.52005 1 1 3 54 747260
Rx 2.52005 1 1 3 54 747185
Rx 2.52005 1 1 3 54 747110
Rx 2.52005 1 1 3 54 747035
Rx 2.52005 1 1 3 54 746960
Rx 2.52005 1 1 3 54 746885
Rx 2.52005 1 1 3 54 746810
Rx 2.52005 1 1 3 54 746735
Rx 2.52005 1 1 3 54 746660
Rx 2.52005 1 1 3 54 746585
Rx 2.52005 1 1 3 54 746510
Rx 2.52005 1 1 3 54 746435
Rx 2.52005 1 1 3 54 746360
Rx 2.52005 1 1 3 54 746285
Rx 2.52005 1 1 3 54 746210
Rx 2.52005 1 1 3 54 746135
Rx 2.52005 1 1 3 54 746060
Rx 2.52005 1 1 3 54 745985
Rx 2.52005 1 1 3 54 745910
Rx 2.52005 1 1 3 54 745835
Rx 2.52005 1 1 3 54 745760
Rx 2.52005 1 1 3 54 338865
Rx 2.52005 1 1 3 54 338790
Rx 2.52005 1 1 3 54 338715
Rx 2.52005 1 1 3 54 338640
Rx 2.52005 1 1 3 54 338565
Rx 2.52005 1 1 3 54 338490
Rx 2.52005 1 1 3 54 338415
Rx 2.52005 1 1 3 54 338340
Rx 2.52005 1 1 3 54 338265
Rx 2.52005 1 1 3 54 338190
Rx 2.52005 1 1 3 54 338115
Rx 2.52005 1 1 3 54 338040
Rx 2.52005 1 1 3 54 337965
Rx 2.52005 1 1 3 54 337890
Rx 2.52005 1 1 3 54 337815
Rx 2.52005 1 1 3 54 337740
Rx 2.52005 1 1 3 54 337665
Rx 2.52005 1 1 3 54 337590
Rx 2.52005 1 1 3 54 337515
Rx 2.52005 1 1 3 54 337440
Rx 2.52005 1 1 3 54 337365
Rx 2.52005 1 1 3 54 337290
Rx 2.52005 1 1 3 54 337215
Rx 2.52005 1 1 3 54 337140
Tx 2.52006 1 1 3 54 
Tx 2.52006 1 1 3 54 
Tx 2.52006 1 1 3 54 
Tx 2.52006 1 1 3 54 
Tx 2.52006 1 1 3 54 
Tx 2.52006 1 1 3 54 
Tx 2.52006 1 1 3 54 
Tx 2.52006 1 1 3 54 
Tx 2.52006 1 1 3 54 
Tx 2.52006 1 1 3 54 
Tx 2.52006 1 1 3 54 
Tx 2.52006 1 1 3 54 
Tx 2.52006 1 1 3 54 
Tx 2.52006 1 1 3 54 
Tx 2.52006 1 1 3 54 
Tx 2.52006 1 1 3 54 
Tx 2.52006 1 1 3 54 
Tx 2.52006 1 1 3 54 
Tx 2.52006 1 1 3 54 
Tx 2.52006 1 1 3 54 
Tx 2.52006 1 1 3 54 
Tx 2.52006 1 1 3 54 
Tx 2.52006 1 1 3 54 
Tx 2.52006 1 1 3 54 
Tx 2.52006 1 1 3 54 
Tx 2.52006 1 1 3 54 
Tx 2.52006 1 1 3 54 
Tx 2.52006 1 1 3 54 
Tx 2.52006 1 1 3 54 
Tx 2.52006 1 1 3 54 
Tx 2.52006 1 1 3 54 
Tx 2.52006 1 1 3 54 
Tx 2.52006 1 1 3 54 
Tx 2.52006 1 1 3 54 
Tx 2.52006 1 1 3 54 
Tx 2.52006 1 1 3 54 
Tx 2.52006 1 1 3 54 
Tx 2.52006 1 1 3 54 
Tx 2.52006 1 1 3 54 
Tx 2.52006 1 1 3 54 
Tx 2.52006 1 1 3 54 
Tx 2.52006 1 1 3 54 
Rx 2.52011 1 1 3 54 399625
Rx 2.52011 1 1 3 54 399550
Rx 2.52015 1 2 3 1554 749810
Rx 2.52015 1 2 3 1554 748535
Rx 2.52015 1 2 3 1554 672490
Rx 2.52015 1 2 3 1554 671215
Rx 2.52015 1 2 3 1554 669940
Rx 2.52015 1 2 3 1554 668665
Rx 2.52015 1 2 3 1554 667390
Rx 2.52015 1 2 3 1554 666115
Rx 2.52015 1 2 3 1554 664840
Rx 2.52015 1 2 3 1554 663565
Tx 2.52019 1 2 3 1554 
Tx 2.52019 1 2 3 1554 
Tx 2.52019 1 2 3 1554 
Tx 2.52019 1 2 3 1554 
Tx 2.52019 1 2 3 1554 
Tx 2.52019 1 2 3 1554 
Tx 2.5202 1 2 3 1554 
Tx 2.5202 1 2 3 1554 
Tx 2.5202 1 2 3 1554 
Tx 2.5202 1 2 3 1554 
Tx 2.52028 1 2 3 1554 
Tx 2.52028 1 2 3 1554 
Tx 2.52028 1 2 3 1554 
Tx 2.52028 1 2 3 1554 
Tx 2.52028 1 2 3 1554 
Tx 2.52028 1 2 3 1554 
Tx 2.52028 1 2 3 1554 
Rx 2.52035 1 2 3 1554 772490
Rx 2.52035 1 2 3 1554 771215
Rx 2.52035 1 2 3 1554 769940
Rx 2.52035 1 2 3 1554 768665
Rx 2.52035 1 2 3 1554 767390
Rx 2.52035 1 2 3 1554 766115
Rx 2.52035 1 2 3 1554 764840
Rx 2.52035 1 2 3 1554 763565
Tx 2.52038 1 2 3 1554 
Tx 2.52038 1 2 3 1554 
Tx 2.52039 1 2 3 1554 
Tx 2.52039 1 2 3 1554 
Tx 2.52039 1 2 3 1554 
Tx 2.52039 1 2 3 1554 
Tx 2.52039 1 2 3 1554 
Tx 2.52039 1 2 3 1554 
Rx 2.52045 1 2 3 1554 858130
Rx 2.52045 1 2 3 1554 751690
Rx 2.52045 1 2 3 1554 750415
Rx 2.52045 1 2 3 1554 749140
Rx 2.52045 1 2 3 1554 747865
Rx 2.52045 1 2 3 1554 746590
Rx 2.52045 1 2 3 1554 745315
Rx 2.52045 1 2 3 1554 744040
Rx 2.52045 1 2 3 1554 742765
Rx 2.52045 1 2 3 1554 741490
Rx 2.52045 1 2 3 1554 740215
Tx 2.52049 1 2 3 1554 
Tx 2.52049 1 2 3 1554 
Tx 2.52049 1 2 3 1554 
Tx 2.52049 1 2 3 1554 
Tx 2.52049 1 2 3 1554 
Tx 2.52049 1 2 3 1554 
Tx 2.5205 1 2 3 1554 
Tx 2.5205 1 2 3 1554 
Tx 2.5205 1 2 3 1554 
Tx 2.5205 1 2 3 1554 
Tx 2.5205 1 1 3 54 
Tx 2.5205 1 1 3 54 
Tx 2.5205 1 1 3 54 
Tx 2.5205 1 1 3 54 
Tx 2.5205 1 1 3 54 
Tx 2.5205 1 1 3 54 
Tx 2.5205 1 1 3 54 
Tx 2.5205 1 1 3 54 
Tx 2.5205 1 1 3 54 
Tx 2.5205 1 1 3 54 
Tx 2.5205 1 1 3 54 
Tx 2.5205 1 1 3 54 
Tx 2.5205 1 1 3 54 
Tx 2.5205 1 1 3 54 
Tx 2.5205 1 1 3 54 
Tx 2.5205 1 1 3 54 
Tx 2.5205 1 1 3 54 
Tx 2.5205 1 1 3 54 
Tx 2.5205 1 1 3 54 
Tx 2.5205 1 1 3 54 
Tx 2.5205 1 1 3 54 
Tx 2.5205 1 1 3 54 
Tx 2.5205 1 1 3 54 
Tx 2.5205 1 1 3 54 
Tx 2.5205 1 1 3 54 
Tx 2.5205 1 1 3 54 
Tx 2.5205 1 1 3 54 
Tx 2.5205 1 1 3 54 
Tx 2.5205 1 1 3 54 
Tx 2.5205 1 1 3 54 
Rx 2.52051 1 1 3 54 458250
Rx 2.52051 1 1 3 54 458175
Rx 2.52051 1 1 3 54 458100
Rx 2.52051 1 1 3 54 458025
Rx 2.52051 1 1 3 54 457950
Rx 2.52051 1 1 3 54 457875
Rx 2.52051 1 1 3 54 457800
Rx 2.52051 1 1 3 54 457725
Rx 2.52051 1 1 3 54 457650
Rx 2.52051 1 1 3 54 457575
Rx 2.52051 1 1 3 54 457500
Rx 2.52051 1 1 3 54 457425
Rx 2.52051 1 1 3 54 457350
Rx 2.52051 1 1 3 54 457275
Rx 2.52051 1 1 3 54 457200
Rx 2.52051 1 1 3 54 457125
Rx 2.52051 1 1 3 54 457050
Rx 2.52051 1 1 3 54 456975
Rx 2.52051 1 1 3 54 456900
Rx 2.52051 1 1 3 54 456825
Rx 2.52051 1 1 3 54 456750
Rx 2.52051 1 1 3 54 456675
Rx 2.52051 1 1 3 54 456600
Rx 2.52051 1 1 3 54 456525
Rx 2.52051 1 1 3 54 456450
Rx 2.52051 1 1 3 54 456375
Rx 2.52051 1 1 3 54 456300
Rx 2.52051 1 1 3 54 456225
Rx 2.52051 1 1 3 54 456150
Rx 2.52051 1 1 3 54 456075
Rx 2.52051 1 1 3 54 456000
Rx 2.52051 1 1 3 54 455925
Rx 2.52051 1 1 3 54 455850
Rx 2.52051 1 1 3 54 455775
Rx 2.52051 1 1 3 54 455700
Rx 2.52051 1 1 3 54 455625
Rx 2.52051 1 1 3 54 455550
Rx 2.52051 1 1 3 54 455475
Rx 2.52051 1 1 3 54 455400
Rx 2.52051 1 1 3 54 455325
Rx 2.52051 1 1 3 54 455250
Rx 2.52055 1 2 3 1554 843100
Rx 2.52055 1 2 3 1554 755850
Rx 2.52055 1 2 3 1554 754575
Rx 2.52055 1 2 3 1554 753300
Rx 2.52055 1 2 3 1554 752025
Rx 2.52055 1 2 3 1554 750750
Rx 2.52055 1 2 3 1554 749475
Rx 2.52055 1 2 3 1554 748200
Rx 2.52055 1 2 3 1554 746925
Rx 2.52055 1 2 3 1554 745650
Tx 2.52059 1 2 3 1554 
Tx 2.52059 1 2 3 1554 
Tx 2.52059 1 2 3 1554 
Tx 2.5206 1 2 3 1554 
Tx 2.5206 1 2 3 1554 
Tx 2.5206 1 2 3 1554 
Tx 2.5206 1 2 3 1554 
Tx 2.5206 1 2 3 1554 
Tx 2.5206 1 2 3 1554 
Tx 2.5206 1 2 3 1554 
Tx 2.5206 1 2 3 1554 
Rx 2.52065 1 2 3 1554 840215
Rx 2.52065 1 2 3 1554 838940
Rx 2.52065 1 2 3 1554 837665
Rx 2.52065 1 2 3 1554 836390
Rx 2.52065 1 2 3 1554 747530
Rx 2.52065 1 2 3 1554 746255
Rx 2.52065 1 2 3 1554 744980
Rx 2.52065 1 2 3 1554 743705
Rx 2.52065 1 2 3 1554 742430
Rx 2.52065 1 2 3 1554 741155
Tx 2.52069 1 2 3 1554 
Tx 2.52069 1 2 3 1554 
Tx 2.52069 1 2 3 1554 
Tx 2.52069 1 2 3 1554 
Tx 2.52069 1 2 3 1554 
Tx 2.52069 1 2 3 1554 
Tx 2.5207 1 2 3 1554 
Tx 2.5207 1 2 3 1554 
Tx 2.5207 1 2 3 1554 
Tx 2.5207 1 2 3 1554 
Rx 2.52071 1 1 3 54 651015
Rx 2.52071 1 1 3 54 211020
Rx 2.52071 1 1 3 54 210945
Rx 2.52071 1 1 3 54 210870
Rx 2.52071 1 1 3 54 210795
Rx 2.52071 1 1 3 54 210720
Rx 2.52071 1 1 3 54 210645
Rx 2.52071 1 1 3 54 210570
Rx 2.52071 1 1 3 54 210495
Rx 2.52071 1 1 3 54 210420
Rx 2.52074 1 2 3 1554 835720
Rx 2.52074 1 2 3 1554 834445
Rx 2.52074 1 2 3 1554 833170
Rx 2.52074 1 2 3 1554 831895
Rx 2.52074 1 2 3 1554 830620
Rx 2.52074 1 2 3 1554 755850
Rx 2.52074 1 2 3 1554 754575
Rx 2.52074 1 2 3 1554 753300
Rx 2.52074 1 2 3 1554 752025
Tx 2.52078 1 2 3 1554 
Tx 2.52078 1 2 3 1554 
Tx 2.52078 1 2 3 1554 
Tx 2.52078 1 2 3 1554 
Tx 2.52078 1 2 3 1554 
Tx 2.52079 1 2 3 1554 
Tx 2.52079 1 2 3 1554 
Tx 2.52079 1 2 3 1554 
Tx 2.52079 1 2 3 1554 
Rx 2.52081 1 1 3 54 310345
Rx 2.52081 1 1 3 54 310270
Rx 2.52081 1 1 3 54 310195
Rx 2.52081 1 1 3 54 310120
Rx 2.52081 1 1 3 54 310045
Rx 2.52081 1 1 3 54 309970
Rx 2.52081 1 1 3 54 309895
Rx 2.52081 1 1 3 54 309820
Rx 2.52081 1 1 3 54 309745
Rx 2.52081 1 1 3 54 309670
Rx 2.52081 1 1 3 54 309595
Rx 2.52081 1 1 3 54 309520
Rx 2.52081 1 1 3 54 309445
Rx 2.52081 1 1 3 54 309370
Rx 2.52081 1 1 3 54 309295
Rx 2.52081 1 1 3 54 309220
Rx 2.52081 1 1 3 54 309145
Rx 2.52081 1 1 3 54 309070
Rx 2.52081 1 1 3 54 308995
Rx 2.52081 1 1 3 54 308920
Rx 2.52085 1 2 3 1554 854910
Rx 2.52085 1 2 3 1554 853635
Rx 2.52085 1 2 3 1554 852360
Rx 2.52085 1 2 3 1554 851085
Rx 2.52085 1 2 3 1554 849810
Rx 2.52085 1 2 3 1554 848535
Rx 2.52085 1 2 3 1554 847260
Rx 2.52085 1 2 3 1554 845985
Rx 2.52085 1 2 3 1554 660010
Rx 2.52085 1 2 3 1554 658735
Rx 2.52085 1 2 3 1554 657460
Tx 2.52089 1 2 3 1554 
Tx 2.52089 1 2 3 1554 
Tx 2.52089 1 2 3 1554 
Tx 2.52089 1 2 3 1554 
Tx 2.52089 1 2 3 1554 
Tx 2.52089 1 2 3 1554 
Tx 2.5209 1 2 3 1554 
Tx 2.5209 1 2 3 1554 
Tx 2.5209 1 2 3 1554 
Tx 2.5209 1 2 3 1554 
Tx 2.5209 1 1 3 54 
Tx 2.5209 1 1 3 54 
Tx 2.5209 1 1 3 54 
Tx 2.5209 1 1 3 54 
Tx 2.5209 1 1 3 54 
Tx 2.5209 1 1 3 54 
Tx 2.5209 1 1 3 54 
Tx 2.5209 1 1 3 54 
Tx 2.5209 1 1 3 54 
Tx 2.5209 1 1 3 54 
Tx 2.5209 1 1 3 54 
Tx 2.5209 1 1 3 54 
Tx 2.5209 1 1 3 54 
Tx 2.5209 1 1 3 54 
Tx 2.5209 1 1 3 54 
Tx 2.5209 1 1 3 54 
Tx 2.5209 1 1 3 54 
Tx 2.5209 1 1 3 54 
Tx 2.5209 1 1 3 54 
Tx 2.5209 1 1 3 54 
Tx 2.5209 1 1 3 54 
Tx 2.5209 1 1 3 54 
Tx 2.5209 1 1 3 54 
Tx 2.5209 1 1 3 54 
Tx 2.5209 1 1 3 54 
Tx 2.5209 1 1 3 54 
Tx 2.5209 1 1 3 54 
Tx 2.5209 1 1 3 54 
Tx 2.5209 1 1 3 54 
Tx 2.5209 1 1 3 54 
Tx 2.5209 1 1 3 54 
Tx 2.5209 1 1 3 54 
Tx 2.5209 1 1 3 54 
Tx 2.5209 1 1 3 54 
Tx 2.5209 1 1 3 54 
Tx 2.5209 1 1 3 54 
Tx 2.5209 1 1 3 54 
Tx 2.5209 1 1 3 54 
Tx 2.5209 1 1 3 54 
Rx 2.52091 1 1 3 54 408845
Rx 2.52095 1 2 3 1554 756185
Rx 2.52095 1 2 3 1554 754910
Rx 2.52095 1 2 3 1554 753635
Rx 2.52095 1 2 3 1554 752360
Rx 2.52095 1 2 3 1554 751085
Rx 2.52095 1 2 3 1554 749810
Rx 2.52095 1 2 3 1554 748535
Rx 2.52095 1 2 3 1554 672490
Rx 2.52095 1 2 3 1554 671215
Rx 2.52095 1 2 3 1554 669940
Tx 2.52099 1 2 3 1554 
Tx 2.52099 1 2 3 1554 
Tx 2.52099 1 2 3 1554 
Tx 2.52099 1 2 3 1554 
Tx 2.52099 1 2 3 1554 
Tx 2.52099 1 2 3 1554 
Tx 2.521 1 2 3 1554 
Tx 2.521 1 2 3 1554 
Tx 2.521 1 2 3 1554 
Tx 2.521 1 2 3 1554 
Tx 2.521 1 2 3 1554 
Rx 2.52105 1 2 3 1554 768665
Rx 2.52105 1 2 3 1554 767390
Rx 2.52105 1 2 3 1554 766115
Rx 2.52105 1 2 3 1554 764840
Rx 2.52105 1 2 3 1554 664170
Rx 2.52105 1 2 3 1554 662895
Rx 2.52105 1 2 3 1554 661620
Rx 2.52115 1 2 3 1554 760345
Rx 2.52115 1 2 3 1554 759070
Rx 2.52115 1 2 3 1554 757795
Rx 2.52115 1 2 3 1554 756520
Rx 2.52115 1 2 3 1554 755245
Rx 2.52115 1 2 3 1554 660010
Rx 2.52115 1 2 3 1554 658735
Rx 2.52115 1 2 3 1554 657460
Tx 2.52118 1 2 3 1554 
Tx 2.52118 1 2 3 1554 
Tx 2.52118 1 2 3 1554 
Tx 2.52118 1 2 3 1554 
Tx 2.52118 1 2 3 1554 
Tx 2.52119 1 2 3 1554 
Tx 2.52119 1 2 3 1554 
Tx 2.52119 1 2 3 1554 
Tx 2.52129 1 2 3 1554 
Tx 2.52129 1 2 3 1554 
Tx 2.52129 1 2 3 1554 
Tx 2.52129 1 2 3 1554 
Tx 2.52129 1 2 3 1554 
Tx 2.52129 1 2 3 1554 
Tx 2.5213 1 2 3 1554 
Tx 2.5213 1 2 3 1554 
Tx 2.5213 1 2 3 1554 
Tx 2.5213 1 1 3 54 
Tx 2.5213 1 1 3 54 
Tx 2.5213 1 1 3 54 
Tx 2.5213 1 1 3 54 
Tx 2.5213 1 1 3 54 
Tx 2.5213 1 1 3 54 
Tx 2.5213 1 1 3 54 
Tx 2.5213 1 1 3 54 
Tx 2.5213 1 1 3 54 
Tx 2.5213 1 1 3 54 
Tx 2.5213 1 1 3 54 
Tx 2.5213 1 1 3 54 
Tx 2.5213 1 1 3 54 
Tx 2.5213 1 1 3 54 
Tx 2.5213 1 1 3 54 
Tx 2.5213 1 1 3 54 
Tx 2.5213 1 1 3 54 
Tx 2.5213 1 1 3 54 
Tx 2.5213 1 1 3 54 
Tx 2.5213 1 1 3 54 
Tx 2.5213 1 1 3 54 
Tx 2.5213 1 1 3 54 
Tx 2.5213 1 1 3 54 
Tx 2.5213 1 1 3 54 
Tx 2.5213 1 1 3 54 
Tx 2.5213 1 1 3 54 
Tx 2.5213 1 1 3 54 
Tx 2.5213 1 1 3 54 
Tx 2.5213 1 1 3 54 
Tx 2.5213 1 1 3 54 
Tx 2.5213 1 1 3 54 
Tx 2.5213 1 1 3 54 
Tx 2.5213 1 1 3 54 
Tx 2.5213 1 1 3 54 
Tx 2.5213 1 1 3 54 
Tx 2.5213 1 1 3 54 
Tx 2.5213 1 1 3 54 
Rx 2.52135 1 2 3 1554 856185
Rx 2.52135 1 2 3 1554 854910
Rx 2.52135 1 2 3 1554 853635
Rx 2.52135 1 2 3 1554 852360
Rx 2.52135 1 2 3 1554 851085
Rx 2.52135 1 2 3 1554 849810
Rx 2.52135 1 2 3 1554 848535
Rx 2.52135 1 2 3 1554 755850
Rx 2.52135 1 2 3 1554 754575
Rx 2.52135 1 2 3 1554 753300
Tx 2.52139 1 2 3 1554 
Tx 2.52139 1 2 3 1554 
Tx 2.52139 1 2 3 1554 
Tx 2.52139 1 2 3 1554 
Tx 2.52139 1 2 3 1554 
Tx 2.52139 1 2 3 1554 
Tx 2.5214 1 2 3 1554 
Tx 2.5214 1 2 3 1554 
Tx 2.5214 1 2 3 1554 
Tx 2.5214 1 2 3 1554 
Rx 2.52141 1 1 3 54 515180
Rx 2.52141 1 1 3 54 515105
Rx 2.52141 1 1 3 54 515030
Rx 2.52141 1 1 3 54 514955
Rx 2.52141 1 1 3 54 514880
Rx 2.52141 1 1 3 54 514805
Rx 2.52141 1 1 3 54 514730
Rx 2.52141 1 1 3 54 514655
Rx 2.52141 1 1 3 54 514580
Rx 2.52141 1 1 3 54 514505
Rx 2.52141 1 1 3 54 514430
Rx 2.52141 1 1 3 54 514355
Rx 2.52141 1 1 3 54 514280
Rx 2.52141 1 1 3 54 514205
Rx 2.52141 1 1 3 54 514130
Rx 2.52141 1 1 3 54 514055
Rx 2.52141 1 1 3 54 513980
Rx 2.52141 1 1 3 54 513905
Rx 2.52141 1 1 3 54 513830
Rx 2.52141 1 1 3 54 513755
Rx 2.52141 1 1 3 54 513680
Rx 2.52141 1 1 3 54 513605
Rx 2.52141 1 1 3 54 513530
Rx 2.52141 1 1 3 54 513455
Rx 2.52141 1 1 3 54 513380
Rx 2.52141 1 1 3 54 513305
Rx 2.52141 1 1 3 54 513230
Rx 2.52141 1 1 3 54 513155
Rx 2.52141 1 1 3 54 513080
Rx 2.52141 1 1 3 54 513005
Rx 2.52141 1 1 3 54 512930
Rx 2.52141 1 1 3 54 512855
Rx 2.52141 1 1 3 54 512780
Rx 2.52141 1 1 3 54 512705
Rx 2.52141 1 1 3 54 512630
Rx 2.52141 1 1 3 54 512555
Rx 2.52141 1 1 3 54 512480
Rx 2.52141 1 1 3 54 512405
Rx 2.52144 1 2 3 1554 847865
Rx 2.52144 1 2 3 1554 846590
Rx 2.52144 1 2 3 1554 845315
Rx 2.52144 1 2 3 1554 844040
Rx 2.52144 1 2 3 1554 842765
Rx 2.52144 1 2 3 1554 841490
Rx 2.52144 1 2 3 1554 840215
Rx 2.52144 1 2 3 1554 838940
Tx 2.52148 1 2 3 1554 
Tx 2.52148 1 2 3 1554 
Tx 2.52148 1 2 3 1554 
Tx 2.52148 1 2 3 1554 
Tx 2.52148 1 2 3 1554 
Tx 2.52148 1 2 3 1554 
Tx 2.52148 1 2 3 1554 
Tx 2.52148 1 2 3 1554 
Rx 2.52151 1 1 3 54 608170
Rx 2.52151 1 1 3 54 212295
Rx 2.52151 1 1 3 54 212220
Rx 2.52151 1 1 3 54 212145
Rx 2.52151 1 1 3 54 212070
Rx 2.52151 1 1 3 54 211995
Rx 2.52151 1 1 3 54 211920
Rx 2.52151 1 1 3 54 211845
Rx 2.52151 1 1 3 54 211770
Rx 2.52151 1 1 3 54 211695
Rx 2.52151 1 1 3 54 211620
Rx 2.52151 1 1 3 54 211545
Rx 2.52151 1 1 3 54 211470
Rx 2.52151 1 1 3 54 211395
Rx 2.52151 1 1 3 54 211320
Rx 2.52151 1 1 3 54 211245
Rx 2.52151 1 1 3 54 211170
Rx 2.52151 1 1 3 54 211095
Rx 2.52151 1 1 3 54 211020
Rx 2.52151 1 1 3 54 210945
Rx 2.52151 1 1 3 54 210870
Rx 2.52151 1 1 3 54 210795
Rx 2.52151 1 1 3 54 210720
Rx 2.52151 1 1 3 54 210645
Rx 2.52151 1 1 3 54 210570
Rx 2.52151 1 1 3 54 210495
Rx 2.52151 1 1 3 54 210420
Rx 2.52154 1 2 3 1554 855850
Rx 2.52154 1 2 3 1554 854575
Rx 2.52154 1 2 3 1554 853300
Rx 2.52154 1 2 3 1554 852025
Rx 2.52154 1 2 3 1554 850750
Rx 2.52154 1 2 3 1554 849475
Rx 2.52154 1 2 3 1554 848200
Rx 2.52154 1 2 3 1554 846925
Rx 2.52154 1 2 3 1554 845650
Tx 2.52158 1 2 3 1554 
Tx 2.52158 1 2 3 1554 
Tx 2.52158 1 2 3 1554 
Tx 2.52158 1 2 3 1554 
Tx 2.52158 1 2 3 1554 
Tx 2.52159 1 2 3 1554 
Tx 2.52159 1 2 3 1554 
Tx 2.52159 1 2 3 1554 
Tx 2.52159 1 2 3 1554 
Rx 2.52165 1 2 3 1554 952695
Rx 2.52165 1 2 3 1554 872490
Rx 2.52165 1 2 3 1554 871215
Rx 2.52165 1 2 3 1554 869940
Rx 2.52165 1 2 3 1554 868665
Rx 2.52165 1 2 3 1554 867390
Rx 2.52165 1 2 3 1554 866115
Rx 2.52165 1 2 3 1554 864840
Rx 2.52165 1 2 3 1554 863565
Rx 2.52165 1 2 3 1554 862290
Rx 2.52165 1 2 3 1554 764170
Rx 2.52165 1 2 3 1554 762895
Tx 2.5217 1 2 3 1554 
Tx 2.5217 1 2 3 1554 
Tx 2.5217 1 2 3 1554 
Tx 2.5217 1 2 3 1554 
Tx 2.5217 1 2 3 1554 
Tx 2.5217 1 2 3 1554 
Tx 2.5217 1 2 3 1554 
Tx 2.5217 1 2 3 1554 
Tx 2.52171 1 2 3 1554 
Tx 2.52171 1 2 3 1554 
Tx 2.52171 1 2 3 1554 
Tx 2.52171 1 2 3 1554 
Tx 2.52171 1 1 3 54 
Tx 2.52171 1 1 3 54 
Tx 2.52171 1 1 3 54 
Tx 2.52171 1 1 3 54 
Tx 2.52171 1 1 3 54 
Tx 2.52171 1 1 3 54 
Tx 2.52171 1 1 3 54 
Tx 2.52171 1 1 3 54 
Tx 2.52171 1 1 3 54 
Tx 2.52171 1 1 3 54 
Tx 2.52171 1 1 3 54 
Tx 2.52171 1 1 3 54 
Tx 2.52171 1 1 3 54 
Tx 2.52171 1 1 3 54 
Tx 2.52171 1 1 3 54 
Tx 2.52171 1 1 3 54 
Tx 2.52171 1 1 3 54 
Tx 2.52171 1 1 3 54 
Tx 2.52171 1 1 3 54 
Tx 2.52171 1 1 3 54 
Tx 2.52171 1 1 3 54 
Tx 2.52171 1 1 3 54 
Tx 2.52171 1 1 3 54 
Tx 2.52171 1 1 3 54 
Tx 2.52171 1 1 3 54 
Tx 2.52171 1 1 3 54 
Rx 2.52175 1 2 3 1554 857460
Rx 2.52175 1 2 3 1554 856185
Rx 2.52175 1 2 3 1554 854910
Rx 2.52175 1 2 3 1554 853635
Rx 2.52175 1 2 3 1554 852360
Rx 2.52175 1 2 3 1554 851085
Rx 2.52175 1 2 3 1554 849810
Rx 2.52175 1 2 3 1554 848535
Rx 2.52175 1 2 3 1554 760010
Rx 2.52175 1 2 3 1554 758735
Rx 2.52175 1 2 3 1554 757460
Tx 2.5218 1 2 3 1554 
Tx 2.5218 1 2 3 1554 
Tx 2.5218 1 2 3 1554 
Tx 2.5218 1 2 3 1554 
Tx 2.5218 1 2 3 1554 
Tx 2.5218 1 2 3 1554 
Tx 2.5218 1 2 3 1554 
Tx 2.5218 1 2 3 1554 
Tx 2.52181 1 2 3 1554 
Tx 2.52181 1 2 3 1554 
Tx 2.52181 1 2 3 1554 
Tx 2.52181 1 2 3 1554 
Rx 2.52184 1 2 3 1554 852025
Rx 2.52184 1 2 3 1554 850750
Rx 2.52184 1 2 3 1554 849475
Rx 2.52184 1 2 3 1554 848200
Rx 2.52184 1 2 3 1554 846925
Rx 2.52184 1 2 3 1554 845650
Rx 2.52184 1 2 3 1554 844375
Rx 2.52184 1 2 3 1554 843100
Rx 2.52184 1 2 3 1554 664170
Rx 2.52184 1 2 3 1554 662895
Tx 2.5219 1 2 3 1554 
Tx 2.5219 1 2 3 1554 
Tx 2.5219 1 2 3 1554 
Tx 2.5219 1 2 3 1554 
Tx 2.52191 1 2 3 1554 
Tx 2.52191 1 2 3 1554 
Tx 2.52191 1 2 3 1554 
Tx 2.52191 1 2 3 1554 
Tx 2.52191 1 2 3 1554 
Tx 2.52191 1 2 3 1554 
Tx 2.52191 1 2 3 1554 
Tx 2.52191 1 2 3 1554 
Rx 2.52194 1 2 3 1554 761620
Rx 2.52194 1 2 3 1554 760345
Rx 2.52194 1 2 3 1554 759070
Rx 2.52194 1 2 3 1554 757795
Rx 2.52194 1 2 3 1554 756520
Rx 2.52194 1 2 3 1554 755245
Rx 2.52194 1 2 3 1554 655850
Rx 2.52194 1 2 3 1554 654575
Rx 2.52194 1 2 3 1554 653300
Rx 2.52194 1 2 3 1554 652025
Rx 2.52194 1 2 3 1554 650750
Tx 2.52199 1 2 3 1554 
Tx 2.52199 1 2 3 1554 
Tx 2.52199 1 2 3 1554 
Tx 2.52199 1 2 3 1554 
Tx 2.52199 1 2 3 1554 
Tx 2.52199 1 2 3 1554 
Tx 2.522 1 2 3 1554 
Tx 2.522 1 2 3 1554 
Tx 2.522 1 2 3 1554 
Tx 2.522 1 2 3 1554 
Tx 2.522 1 2 3 1554 
Rx 2.52204 1 2 3 1554 745315
Rx 2.52204 1 2 3 1554 744040
Rx 2.52204 1 2 3 1554 742765
Rx 2.52204 1 2 3 1554 741490
Rx 2.52204 1 2 3 1554 651690
Rx 2.52204 1 2 3 1554 650415
Rx 2.52204 1 2 3 1554 649140
Rx 2.52204 1 2 3 1554 647865
Rx 2.52204 1 2 3 1554 646590
Rx 2.52205 1 1 3 54 747785
Rx 2.52205 1 1 3 54 747710
Rx 2.52205 1 1 3 54 747635
Rx 2.52205 1 1 3 54 747560
Rx 2.52205 1 1 3 54 747485
Rx 2.52205 1 1 3 54 747410
Rx 2.52205 1 1 3 54 747335
Rx 2.52205 1 1 3 54 747260
Rx 2.52205 1 1 3 54 747185
Rx 2.52205 1 1 3 54 747110
Rx 2.52205 1 1 3 54 747035
Rx 2.52205 1 1 3 54 337590
Rx 2.52205 1 1 3 54 337515
Rx 2.52205 1 1 3 54 337440
Rx 2.52205 1 1 3 54 337365
Rx 2.52205 1 1 3 54 337290
Rx 2.52205 1 1 3 54 337215
Rx 2.52205 1 1 3 54 337140
Rx 2.52205 1 1 3 54 337065
Rx 2.52205 1 1 3 54 336990
Rx 2.52205 1 1 3 54 336915
Rx 2.52205 1 1 3 54 336840
Rx 2.52205 1 1 3 54 336765
Rx 2.52205 1 1 3 54 336690
Rx 2.52205 1 1 3 54 336615
Rx 2.52205 1 1 3 54 336540
Rx 2.52205 1 1 3 54 336465
Rx 2.52205 1 1 3 54 336390
Rx 2.52205 1 1 3 54 336315
Rx 2.52205 1 1 3 54 336240
Rx 2.52205 1 1 3 54 336165
Rx 2.52205 1 1 3 54 336090
Rx 2.52205 1 1 3 54 336015
Rx 2.52205 1 1 3 54 335940
Rx 2.52205 1 1 3 54 335865
Rx 2.52205 1 1 3 54 335790
Tx 2.52206 1 1 3 54 
Tx 2.52206 1 1 3 54 
Tx 2.52206 1 1 3 54 
Tx 2.52206 1 1 3 54 
Tx 2.52206 1 1 3 54 
Tx 2.52206 1 1 3 54 
Tx 2.52206 1 1 3 54 
Tx 2.52206 1 1 3 54 
Tx 2.52206 1 1 3 54 
Tx 2.52206 1 1 3 54 
Tx 2.52206 1 1 3 54 
Tx 2.52206 1 1 3 54 
Tx 2.52206 1 1 3 54 
Tx 2.52206 1 1 3 54 
Tx 2.52206 1 1 3 54 
Tx 2.52206 1 1 3 54 
Tx 2.52206 1 1 3 54 
Tx 2.52206 1 1 3 54 
Tx 2.52206 1 1 3 54 
Tx 2.52206 1 1 3 54 
Tx 2.52206 1 1 3 54 
Tx 2.52206 1 1 3 54 
Tx 2.52206 1 1 3 54 
Tx 2.52206 1 1 3 54 
Tx 2.52206 1 1 3 54 
Tx 2.52206 1 1 3 54 
Tx 2.52206 1 1 3 54 
Tx 2.52206 1 1 3 54 
Tx 2.52206 1 1 3 54 
Tx 2.52206 1 1 3 54 
Tx 2.52206 1 1 3 54 
Tx 2.52206 1 1 3 54 
Tx 2.52206 1 1 3 54 
Tx 2.52206 1 1 3 54 
Tx 2.52206 1 1 3 54 
Tx 2.52206 1 1 3 54 
Tx 2.52206 1 1 3 54 
Tx 2.52206 1 1 3 54 
Tx 2.52206 1 1 3 54 
Tx 2.52206 1 1 3 54 
Tx 2.52206 1 1 3 54 
Tx 2.52206 1 1 3 54 
Rx 2.52211 1 1 3 54 398275
Rx 2.52215 1 2 3 1554 753635
Rx 2.52215 1 2 3 1554 752360
Rx 2.52215 1 2 3 1554 751085
Rx 2.52215 1 2 3 1554 749810
Rx 2.52215 1 2 3 1554 748535
Rx 2.52215 1 2 3 1554 672490
Rx 2.52215 1 2 3 1554 671215
Rx 2.52215 1 2 3 1554 669940
Rx 2.52215 1 2 3 1554 668665
Rx 2.52215 1 2 3 1554 667390
Tx 2.52219 1 2 3 1554 
Tx 2.52219 1 2 3 1554 
Tx 2.52219 1 2 3 1554 
Tx 2.52219 1 2 3 1554 
Tx 2.52219 1 2 3 1554 
Tx 2.52219 1 2 3 1554 
Tx 2.5222 1 2 3 1554 
Tx 2.5222 1 2 3 1554 
Tx 2.5222 1 2 3 1554 
Tx 2.5222 1 2 3 1554 
Tx 2.5222 1 2 3 1554 
Tx 2.52228 1 2 3 1554 
Tx 2.52228 1 2 3 1554 
Tx 2.52228 1 2 3 1554 
Tx 2.52228 1 2 3 1554 
Tx 2.52228 1 2 3 1554 
Tx 2.52228 1 2 3 1554 
Rx 2.52235 1 2 3 1554 870275
Rx 2.52235 1 2 3 1554 869000
Rx 2.52235 1 2 3 1554 867725
Rx 2.52235 1 2 3 1554 772490
Rx 2.52235 1 2 3 1554 771215
Rx 2.52235 1 2 3 1554 769940
Rx 2.52235 1 2 3 1554 768665
Rx 2.52235 1 2 3 1554 767390
Tx 2.52238 1 2 3 1554 
Tx 2.52238 1 2 3 1554 
Tx 2.52239 1 2 3 1554 
Tx 2.52239 1 2 3 1554 
Tx 2.52239 1 2 3 1554 
Tx 2.52239 1 2 3 1554 
Tx 2.52239 1 2 3 1554 
Tx 2.52239 1 2 3 1554 
Rx 2.52245 1 2 3 1554 861955
Rx 2.52245 1 2 3 1554 860680
Rx 2.52245 1 2 3 1554 859405
Rx 2.52245 1 2 3 1554 858130
Rx 2.52245 1 2 3 1554 751690
Rx 2.52245 1 2 3 1554 750415
Rx 2.52245 1 2 3 1554 749140
Rx 2.52245 1 2 3 1554 747865
Rx 2.52245 1 2 3 1554 746590
Rx 2.52245 1 2 3 1554 745315
Tx 2.52249 1 2 3 1554 
Tx 2.52249 1 2 3 1554 
Tx 2.52249 1 2 3 1554 
Tx 2.52249 1 2 3 1554 
Tx 2.52249 1 2 3 1554 
Tx 2.52249 1 2 3 1554 
Tx 2.5225 1 2 3 1554 
Tx 2.5225 1 2 3 1554 
Tx 2.5225 1 2 3 1554 
Tx 2.5225 1 2 3 1554 
Tx 2.5225 1 2 3 1554 
Tx 2.5225 1 1 3 54 
Tx 2.5225 1 1 3 54 
Tx 2.5225 1 1 3 54 
Tx 2.5225 1 1 3 54 
Tx 2.5225 1 1 3 54 
Tx 2.5225 1 1 3 54 
Tx 2.5225 1 1 3 54 
Tx 2.5225 1 1 3 54 
Tx 2.5225 1 1 3 54 
Tx 2.5225 1 1 3 54 
Tx 2.5225 1 1 3 54 
Tx 2.5225 1 1 3 54 
Tx 2.5225 1 1 3 54 
Tx 2.5225 1 1 3 54 
Tx 2.5225 1 1 3 54 
Tx 2.5225 1 1 3 54 
Tx 2.5225 1 1 3 54 
Tx 2.5225 1 1 3 54 
Tx 2.5225 1 1 3 54 
Tx 2.5225 1 1 3 54 
Tx 2.5225 1 1 3 54 
Tx 2.5225 1 1 3 54 
Tx 2.5225 1 1 3 54 
Tx 2.5225 1 1 3 54 
Tx 2.5225 1 1 3 54 
Tx 2.5225 1 1 3 54 
Tx 2.5225 1 1 3 54 
Tx 2.5225 1 1 3 54 
Tx 2.5225 1 1 3 54 
Tx 2.5225 1 1 3 54 
Rx 2.52251 1 1 3 54 458250
Rx 2.52251 1 1 3 54 458175
Rx 2.52251 1 1 3 54 458100
Rx 2.52251 1 1 3 54 458025
Rx 2.52251 1 1 3 54 457950
Rx 2.52251 1 1 3 54 457875
Rx 2.52251 1 1 3 54 457800
Rx 2.52251 1 1 3 54 457725
Rx 2.52251 1 1 3 54 457650
Rx 2.52251 1 1 3 54 457575
Rx 2.52251 1 1 3 54 457500
Rx 2.52251 1 1 3 54 457425
Rx 2.52251 1 1 3 54 457350
Rx 2.52251 1 1 3 54 457275
Rx 2.52251 1 1 3 54 457200
Rx 2.52251 1 1 3 54 457125
Rx 2.52251 1 1 3 54 457050
Rx 2.52251 1 1 3 54 456975
Rx 2.52251 1 1 3 54 456900
Rx 2.52251 1 1 3 54 456825
Rx 2.52251 1 1 3 54 456750
Rx 2.52251 1 1 3 54 456675
Rx 2.52251 1 1 3 54 456600
Rx 2.52251 1 1 3 54 456525
Rx 2.52251 1 1 3 54 456450
Rx 2.52251 1 1 3 54 456375
Rx 2.52251 1 1 3 54 456300
Rx 2.52251 1 1 3 54 456225
Rx 2.52251 1 1 3 54 456150
Rx 2.52251 1 1 3 54 456075
Rx 2.52251 1 1 3 54 456000
Rx 2.52251 1 1 3 54 455925
Rx 2.52251 1 1 3 54 455850
Rx 2.52251 1 1 3 54 455775
Rx 2.52251 1 1 3 54 455700
Rx 2.52251 1 1 3 54 455625
Rx 2.52251 1 1 3 54 455550
Rx 2.52251 1 1 3 54 455475
Rx 2.52251 1 1 3 54 455400
Rx 2.52251 1 1 3 54 455325
Rx 2.52251 1 1 3 54 455250
Rx 2.52255 1 2 3 1554 848200
Rx 2.52255 1 2 3 1554 846925
Rx 2.52255 1 2 3 1554 845650
Rx 2.52255 1 2 3 1554 844375
Rx 2.52255 1 2 3 1554 843100
Rx 2.52255 1 2 3 1554 841825
Rx 2.52255 1 2 3 1554 755850
Rx 2.52255 1 2 3 1554 754575
Rx 2.52255 1 2 3 1554 753300
Rx 2.52255 1 2 3 1554 752025
Rx 2.52255 1 2 3 1554 750750
Tx 2.52259 1 2 3 1554 
Tx 2.52259 1 2 3 1554 
Tx 2.52259 1 2 3 1554 
Tx 2.5226 1 2 3 1554 
Tx 2.5226 1 2 3 1554 
Tx 2.5226 1 2 3 1554 
Tx 2.5226 1 2 3 1554 
Tx 2.5226 1 2 3 1554 
Tx 2.5226 1 2 3 1554 
Tx 2.5226 1 2 3 1554 
Rx 2.52265 1 2 3 1554 845315
Rx 2.52265 1 2 3 1554 844040
Rx 2.52265 1 2 3 1554 842765
Rx 2.52265 1 2 3 1554 841490
Rx 2.52265 1 2 3 1554 840215
Rx 2.52265 1 2 3 1554 838940
Rx 2.52265 1 2 3 1554 837665
Rx 2.52265 1 2 3 1554 747530
Rx 2.52265 1 2 3 1554 746255
Rx 2.52265 1 2 3 1554 744980
Tx 2.52269 1 2 3 1554 
Tx 2.52269 1 2 3 1554 
Tx 2.52269 1 2 3 1554 
Tx 2.52269 1 2 3 1554 
Tx 2.52269 1 2 3 1554 
Tx 2.52269 1 2 3 1554 
Tx 2.5227 1 2 3 1554 
Tx 2.5227 1 2 3 1554 
Tx 2.5227 1 2 3 1554 
Tx 2.5227 1 2 3 1554 
Rx 2.52274 1 2 3 1554 839545
Rx 2.52274 1 2 3 1554 838270
Rx 2.52274 1 2 3 1554 836995
Rx 2.52274 1 2 3 1554 835720
Rx 2.52274 1 2 3 1554 834445
Rx 2.52274 1 2 3 1554 833170
Rx 2.52274 1 2 3 1554 831895
Rx 2.52274 1 2 3 1554 830620
Rx 2.52274 1 2 3 1554 829345
Rx 2.52274 1 2 3 1554 755850
Tx 2.52278 1 2 3 1554 
Tx 2.52278 1 2 3 1554 
Tx 2.52279 1 2 3 1554 
Tx 2.52279 1 2 3 1554 
Tx 2.52279 1 2 3 1554 
Tx 2.52279 1 2 3 1554 
Tx 2.52279 1 2 3 1554 
Tx 2.52279 1 2 3 1554 
Tx 2.52279 1 2 3 1554 
Tx 2.5228 1 2 3 1554 
Tx 2.5228 1 2 3 1554 
Rx 2.52281 1 1 3 54 751015
Rx 2.52281 1 1 3 54 309745
Rx 2.52281 1 1 3 54 309670
Rx 2.52281 1 1 3 54 309595
Rx 2.52281 1 1 3 54 309520
Rx 2.52281 1 1 3 54 309445
Rx 2.52281 1 1 3 54 309370
Rx 2.52281 1 1 3 54 309295
Rx 2.52281 1 1 3 54 309220
Rx 2.52281 1 1 3 54 309145
Rx 2.52281 1 1 3 54 309070
Rx 2.52281 1 1 3 54 308995
Rx 2.52281 1 1 3 54 308920
Rx 2.52281 1 1 3 54 308845
Rx 2.52281 1 1 3 54 308770
Rx 2.52281 1 1 3 54 308695
Rx 2.52281 1 1 3 54 308620
Rx 2.52281 1 1 3 54 308545
Rx 2.52281 1 1 3 54 308470
Rx 2.52281 1 1 3 54 308395
Rx 2.52281 1 1 3 54 308320
Rx 2.52281 1 1 3 54 308245
Rx 2.52281 1 1 3 54 308170
Rx 2.52281 1 1 3 54 308095
Rx 2.52281 1 1 3 54 308020
Rx 2.52281 1 1 3 54 307945
Rx 2.52281 1 1 3 54 307870
Rx 2.52281 1 1 3 54 307795
Rx 2.52281 1 1 3 54 307720
Rx 2.52281 1 1 3 54 307645
Rx 2.52285 1 2 3 1554 858735
Rx 2.52285 1 2 3 1554 857460
Rx 2.52285 1 2 3 1554 856185
Rx 2.52285 1 2 3 1554 854910
Rx 2.52285 1 2 3 1554 853635
Rx 2.52285 1 2 3 1554 852360
Rx 2.52285 1 2 3 1554 851085
Rx 2.52285 1 2 3 1554 849810
Rx 2.52285 1 2 3 1554 848535
Rx 2.52285 1 2 3 1554 847260
Rx 2.52285 1 2 3 1554 660010
Tx 2.52289 1 2 3 1554 
Tx 2.52289 1 2 3 1554 
Tx 2.52289 1 2 3 1554 
Tx 2.52289 1 2 3 1554 
Tx 2.52289 1 2 3 1554 
Tx 2.52289 1 2 3 1554 
Tx 2.5229 1 2 3 1554 
Tx 2.5229 1 2 3 1554 
Tx 2.5229 1 2 3 1554 
Tx 2.5229 1 2 3 1554 
Tx 2.5229 1 1 3 54 
Tx 2.5229 1 1 3 54 
Tx 2.5229 1 1 3 54 
Tx 2.5229 1 1 3 54 
Tx 2.5229 1 1 3 54 
Tx 2.5229 1 1 3 54 
Tx 2.5229 1 1 3 54 
Tx 2.5229 1 1 3 54 
Tx 2.5229 1 1 3 54 
Tx 2.5229 1 1 3 54 
Tx 2.5229 1 1 3 54 
Tx 2.5229 1 1 3 54 
Tx 2.5229 1 1 3 54 
Tx 2.5229 1 1 3 54 
Tx 2.5229 1 1 3 54 
Tx 2.5229 1 1 3 54 
Tx 2.5229 1 1 3 54 
Tx 2.5229 1 1 3 54 
Tx 2.5229 1 1 3 54 
Tx 2.5229 1 1 3 54 
Tx 2.5229 1 1 3 54 
Tx 2.5229 1 1 3 54 
Tx 2.5229 1 1 3 54 
Tx 2.5229 1 1 3 54 
Tx 2.5229 1 1 3 54 
Tx 2.5229 1 1 3 54 
Tx 2.5229 1 1 3 54 
Tx 2.5229 1 1 3 54 
Tx 2.5229 1 1 3 54 
Tx 2.5229 1 1 3 54 
Tx 2.5229 1 1 3 54 
Tx 2.5229 1 1 3 54 
Tx 2.5229 1 1 3 54 
Tx 2.5229 1 1 3 54 
Tx 2.5229 1 1 3 54 
Tx 2.5229 1 1 3 54 
Tx 2.5229 1 1 3 54 
Tx 2.5229 1 1 3 54 
Tx 2.5229 1 1 3 54 
Rx 2.52291 1 1 3 54 407570
Rx 2.52295 1 2 3 1554 758735
Rx 2.52295 1 2 3 1554 757460
Rx 2.52295 1 2 3 1554 756185
Rx 2.52295 1 2 3 1554 754910
Rx 2.52295 1 2 3 1554 753635
Rx 2.52295 1 2 3 1554 752360
Rx 2.52295 1 2 3 1554 751085
Rx 2.52295 1 2 3 1554 749810
Rx 2.52295 1 2 3 1554 748535
Rx 2.52295 1 2 3 1554 747260
Tx 2.52299 1 2 3 1554 
Tx 2.52299 1 2 3 1554 
Tx 2.52299 1 2 3 1554 
Tx 2.52299 1 2 3 1554 
Tx 2.52299 1 2 3 1554 
Tx 2.52299 1 2 3 1554 
Tx 2.523 1 2 3 1554 
Tx 2.523 1 2 3 1554 
Tx 2.523 1 2 3 1554 
Tx 2.523 1 2 3 1554 
Rx 2.52305 1 2 3 1554 772490
Rx 2.52305 1 2 3 1554 771215
Rx 2.52305 1 2 3 1554 769940
Rx 2.52305 1 2 3 1554 768665
Rx 2.52305 1 2 3 1554 767390
Rx 2.52305 1 2 3 1554 766115
Rx 2.52305 1 2 3 1554 664170
Rx 2.52315 1 2 3 1554 762895
Rx 2.52315 1 2 3 1554 761620
Rx 2.52315 1 2 3 1554 760345
Rx 2.52315 1 2 3 1554 759070
Rx 2.52315 1 2 3 1554 757795
Rx 2.52315 1 2 3 1554 756520
Rx 2.52315 1 2 3 1554 755245
Rx 2.52315 1 2 3 1554 660010
Tx 2.52318 1 2 3 1554 
Tx 2.52318 1 2 3 1554 
Tx 2.52318 1 2 3 1554 
Tx 2.52318 1 2 3 1554 
Tx 2.52318 1 2 3 1554 
Tx 2.52319 1 2 3 1554 
Tx 2.52319 1 2 3 1554 
Tx 2.52319 1 2 3 1554 
Tx 2.52329 1 2 3 1554 
Tx 2.52329 1 2 3 1554 
Tx 2.52329 1 2 3 1554 
Tx 2.52329 1 2 3 1554 
Tx 2.52329 1 2 3 1554 
Tx 2.52329 1 2 3 1554 
Tx 2.5233 1 2 3 1554 
Tx 2.5233 1 2 3 1554 
Tx 2.5233 1 2 3 1554 
Tx 2.5233 1 1 3 54 
Tx 2.5233 1 1 3 54 
Tx 2.5233 1 1 3 54 
Tx 2.5233 1 1 3 54 
Tx 2.5233 1 1 3 54 
Tx 2.5233 1 1 3 54 
Tx 2.5233 1 1 3 54 
Tx 2.5233 1 1 3 54 
Tx 2.5233 1 1 3 54 
Tx 2.5233 1 1 3 54 
Tx 2.5233 1 1 3 54 
Tx 2.5233 1 1 3 54 
Tx 2.5233 1 1 3 54 
Tx 2.5233 1 1 3 54 
Tx 2.5233 1 1 3 54 
Tx 2.5233 1 1 3 54 
Tx 2.5233 1 1 3 54 
Tx 2.5233 1 1 3 54 
Tx 2.5233 1 1 3 54 
Tx 2.5233 1 1 3 54 
Tx 2.5233 1 1 3 54 
Tx 2.5233 1 1 3 54 
Tx 2.5233 1 1 3 54 
Tx 2.5233 1 1 3 54 
Tx 2.5233 1 1 3 54 
Tx 2.5233 1 1 3 54 
Tx 2.5233 1 1 3 54 
Tx 2.5233 1 1 3 54 
Tx 2.5233 1 1 3 54 
Tx 2.5233 1 1 3 54 
Tx 2.5233 1 1 3 54 
Tx 2.5233 1 1 3 54 
Tx 2.5233 1 1 3 54 
Tx 2.5233 1 1 3 54 
Tx 2.5233 1 1 3 54 
Tx 2.5233 1 1 3 54 
Tx 2.5233 1 1 3 54 
Tx 2.5233 1 1 3 54 
Rx 2.52335 1 2 3 1554 858735
Rx 2.52335 1 2 3 1554 857460
Rx 2.52335 1 2 3 1554 856185
Rx 2.52335 1 2 3 1554 854910
Rx 2.52335 1 2 3 1554 853635
Rx 2.52335 1 2 3 1554 852360
Rx 2.52335 1 2 3 1554 851085
Rx 2.52335 1 2 3 1554 849810
Rx 2.52335 1 2 3 1554 848535
Rx 2.52335 1 2 3 1554 847260
Tx 2.52339 1 2 3 1554 
Tx 2.52339 1 2 3 1554 
Tx 2.52339 1 2 3 1554 
Tx 2.52339 1 2 3 1554 
Tx 2.52339 1 2 3 1554 
Tx 2.52339 1 2 3 1554 
Tx 2.5234 1 2 3 1554 
Tx 2.5234 1 2 3 1554 
Tx 2.5234 1 2 3 1554 
Tx 2.5234 1 2 3 1554 
Tx 2.5234 1 2 3 1554 
Rx 2.52341 1 1 3 54 515180
Rx 2.52341 1 1 3 54 515105
Rx 2.52341 1 1 3 54 515030
Rx 2.52341 1 1 3 54 514955
Rx 2.52341 1 1 3 54 514880
Rx 2.52341 1 1 3 54 514805
Rx 2.52341 1 1 3 54 514730
Rx 2.52341 1 1 3 54 514655
Rx 2.52341 1 1 3 54 514580
Rx 2.52341 1 1 3 54 514505
Rx 2.52341 1 1 3 54 514430
Rx 2.52341 1 1 3 54 514355
Rx 2.52341 1 1 3 54 514280
Rx 2.52341 1 1 3 54 514205
Rx 2.52341 1 1 3 54 514130
Rx 2.52341 1 1 3 54 514055
Rx 2.52341 1 1 3 54 513980
Rx 2.52341 1 1 3 54 513905
Rx 2.52341 1 1 3 54 513830
Rx 2.52341 1 1 3 54 513755
Rx 2.52341 1 1 3 54 513680
Rx 2.52341 1 1 3 54 513605
Rx 2.52341 1 1 3 54 513530
Rx 2.52341 1 1 3 54 513455
Rx 2.52341 1 1 3 54 513380
Rx 2.52341 1 1 3 54 513305
Rx 2.52341 1 1 3 54 513230
Rx 2.52341 1 1 3 54 513155
Rx 2.52341 1 1 3 54 513080
Rx 2.52341 1 1 3 54 513005
Rx 2.52341 1 1 3 54 512930
Rx 2.52341 1 1 3 54 512855
Rx 2.52341 1 1 3 54 512780
Rx 2.52341 1 1 3 54 512705
Rx 2.52341 1 1 3 54 512630
Rx 2.52341 1 1 3 54 512555
Rx 2.52341 1 1 3 54 512480
Rx 2.52341 1 1 3 54 512405
Rx 2.52344 1 2 3 1554 851690
Rx 2.52344 1 2 3 1554 850415
Rx 2.52344 1 2 3 1554 849140
Rx 2.52344 1 2 3 1554 847865
Rx 2.52344 1 2 3 1554 846590
Rx 2.52344 1 2 3 1554 845315
Rx 2.52344 1 2 3 1554 844040
Rx 2.52344 1 2 3 1554 842765
Tx 2.52348 1 2 3 1554 
Tx 2.52348 1 2 3 1554 
Tx 2.52348 1 2 3 1554 
Tx 2.52348 1 2 3 1554 
Tx 2.52348 1 2 3 1554 
Tx 2.52348 1 2 3 1554 
Tx 2.52348 1 2 3 1554 
Tx 2.52348 1 2 3 1554 
Rx 2.52351 1 1 3 54 608170
Rx 2.52351 1 1 3 54 212295
Rx 2.52351 1 1 3 54 212220
Rx 2.52351 1 1 3 54 212145
Rx 2.52351 1 1 3 54 212070
Rx 2.52351 1 1 3 54 211995
Rx 2.52351 1 1 3 54 211920
Rx 2.52351 1 1 3 54 211845
Rx 2.52351 1 1 3 54 211770
Rx 2.52351 1 1 3 54 211695
Rx 2.52351 1 1 3 54 211620
Rx 2.52351 1 1 3 54 211545
Rx 2.52351 1 1 3 54 211470
Rx 2.52351 1 1 3 54 211395
Rx 2.52351 1 1 3 54 211320
Rx 2.52351 1 1 3 54 211245
Rx 2.52351 1 1 3 54 211170
Rx 2.52351 1 1 3 54 211095
Rx 2.52351 1 1 3 54 211020
Rx 2.52351 1 1 3 54 210945
Rx 2.52351 1 1 3 54 210870
Rx 2.52351 1 1 3 54 210795
Rx 2.52351 1 1 3 54 210720
Rx 2.52351 1 1 3 54 210645
Rx 2.52351 1 1 3 54 210570
Rx 2.52351 1 1 3 54 210495
Rx 2.52351 1 1 3 54 210420
Rx 2.52354 1 2 3 1554 941490
Rx 2.52354 1 2 3 1554 940215
Rx 2.52354 1 2 3 1554 855850
Rx 2.52354 1 2 3 1554 854575
Rx 2.52354 1 2 3 1554 853300
Rx 2.52354 1 2 3 1554 852025
Rx 2.52354 1 2 3 1554 850750
Rx 2.52354 1 2 3 1554 849475
Rx 2.52354 1 2 3 1554 848200
Tx 2.52358 1 2 3 1554 
Tx 2.52358 1 2 3 1554 
Tx 2.52358 1 2 3 1554 
Tx 2.52358 1 2 3 1554 
Tx 2.52358 1 2 3 1554 
Tx 2.52359 1 2 3 1554 
Tx 2.52359 1 2 3 1554 
Tx 2.52359 1 2 3 1554 
Tx 2.52359 1 2 3 1554 
Rx 2.52365 1 2 3 1554 955245
Rx 2.52365 1 2 3 1554 953970
Rx 2.52365 1 2 3 1554 952695
Rx 2.52365 1 2 3 1554 868330
Rx 2.52365 1 2 3 1554 867055
Rx 2.52365 1 2 3 1554 865780
Rx 2.52365 1 2 3 1554 864505
Rx 2.52365 1 2 3 1554 863230
Rx 2.52365 1 2 3 1554 861955
Rx 2.52365 1 2 3 1554 860680
Rx 2.52365 1 2 3 1554 859405
Rx 2.52365 1 2 3 1554 858130
Tx 2.5237 1 2 3 1554 
Tx 2.5237 1 2 3 1554 
Tx 2.5237 1 2 3 1554 
Tx 2.5237 1 2 3 1554 
Tx 2.5237 1 2 3 1554 
Tx 2.5237 1 2 3 1554 
Tx 2.5237 1 2 3 1554 
Tx 2.5237 1 2 3 1554 
Tx 2.52371 1 2 3 1554 
Tx 2.52371 1 2 3 1554 
Tx 2.52371 1 2 3 1554 
Tx 2.52371 1 1 3 54 
Tx 2.52371 1 1 3 54 
Tx 2.52371 1 1 3 54 
Tx 2.52371 1 1 3 54 
Tx 2.52371 1 1 3 54 
Tx 2.52371 1 1 3 54 
Tx 2.52371 1 1 3 54 
Tx 2.52371 1 1 3 54 
Tx 2.52371 1 1 3 54 
Tx 2.52371 1 1 3 54 
Tx 2.52371 1 1 3 54 
Tx 2.52371 1 1 3 54 
Tx 2.52371 1 1 3 54 
Tx 2.52371 1 1 3 54 
Tx 2.52371 1 1 3 54 
Tx 2.52371 1 1 3 54 
Tx 2.52371 1 1 3 54 
Tx 2.52371 1 1 3 54 
Tx 2.52371 1 1 3 54 
Tx 2.52371 1 1 3 54 
Tx 2.52371 1 1 3 54 
Tx 2.52371 1 1 3 54 
Tx 2.52371 1 1 3 54 
Tx 2.52371 1 1 3 54 
Tx 2.52371 1 1 3 54 
Tx 2.52371 1 1 3 54 
Rx 2.52375 1 2 3 1554 952695
Rx 2.52375 1 2 3 1554 951420
Rx 2.52375 1 2 3 1554 860010
Rx 2.52375 1 2 3 1554 858735
Rx 2.52375 1 2 3 1554 857460
Rx 2.52375 1 2 3 1554 856185
Rx 2.52375 1 2 3 1554 854910
Rx 2.52375 1 2 3 1554 853635
Rx 2.52375 1 2 3 1554 852360
Rx 2.52375 1 2 3 1554 851085
Rx 2.52375 1 2 3 1554 849810
Tx 2.5238 1 2 3 1554 
Tx 2.5238 1 2 3 1554 
Tx 2.5238 1 2 3 1554 
Tx 2.5238 1 2 3 1554 
Tx 2.5238 1 2 3 1554 
Tx 2.5238 1 2 3 1554 
Tx 2.5238 1 2 3 1554 
Tx 2.5238 1 2 3 1554 
Tx 2.52381 1 2 3 1554 
Tx 2.52381 1 2 3 1554 
Tx 2.52381 1 2 3 1554 
Tx 2.52381 1 2 3 1554 
Tx 2.52381 1 2 3 1554 
Rx 2.52384 1 2 3 1554 944375
Rx 2.52384 1 2 3 1554 855850
Rx 2.52384 1 2 3 1554 854575
Rx 2.52384 1 2 3 1554 853300
Rx 2.52384 1 2 3 1554 852025
Rx 2.52384 1 2 3 1554 850750
Rx 2.52384 1 2 3 1554 849475
Rx 2.52384 1 2 3 1554 848200
Rx 2.52384 1 2 3 1554 846925
Rx 2.52384 1 2 3 1554 845650
Rx 2.52384 1 2 3 1554 844375
Tx 2.5239 1 2 3 1554 
Tx 2.5239 1 2 3 1554 
Tx 2.5239 1 2 3 1554 
Tx 2.5239 1 2 3 1554 
Tx 2.52391 1 2 3 1554 
Tx 2.52391 1 2 3 1554 
Tx 2.52391 1 2 3 1554 
Tx 2.52391 1 2 3 1554 
Tx 2.52391 1 2 3 1554 
Tx 2.52391 1 2 3 1554 
Tx 2.52391 1 2 3 1554 
Rx 2.52394 1 2 3 1554 764170
Rx 2.52394 1 2 3 1554 762895
Rx 2.52394 1 2 3 1554 761620
Rx 2.52394 1 2 3 1554 760345
Rx 2.52394 1 2 3 1554 759070
Rx 2.52394 1 2 3 1554 757795
Rx 2.52394 1 2 3 1554 756520
Rx 2.52394 1 2 3 1554 755245
Rx 2.52394 1 2 3 1554 655850
Rx 2.52394 1 2 3 1554 654575
Tx 2.52398 1 2 3 1554 
Tx 2.52398 1 2 3 1554 
Tx 2.52399 1 2 3 1554 
Tx 2.52399 1 2 3 1554 
Tx 2.52399 1 2 3 1554 
Tx 2.52399 1 2 3 1554 
Tx 2.52399 1 2 3 1554 
Tx 2.52399 1 2 3 1554 
Tx 2.52399 1 2 3 1554 
Tx 2.524 1 2 3 1554 
Tx 2.524 1 2 3 1554 
Rx 2.52401 1 1 3 54 714505
Rx 2.52401 1 1 3 54 714430
Rx 2.52401 1 1 3 54 714355
Rx 2.52401 1 1 3 54 714280
Rx 2.52401 1 1 3 54 714205
Rx 2.52401 1 1 3 54 714130
Rx 2.52401 1 1 3 54 714055
Rx 2.52401 1 1 3 54 713980
Rx 2.52401 1 1 3 54 713905
Rx 2.52401 1 1 3 54 713830
Rx 2.52401 1 1 3 54 713755
Rx 2.52401 1 1 3 54 713680
Rx 2.52401 1 1 3 54 305585
Rx 2.52401 1 1 3 54 305510
Rx 2.52401 1 1 3 54 305435
Rx 2.52401 1 1 3 54 305360
Rx 2.52401 1 1 3 54 305285
Rx 2.52401 1 1 3 54 305210
Rx 2.52401 1 1 3 54 305135
Rx 2.52401 1 1 3 54 305060
Rx 2.52401 1 1 3 54 304985
Rx 2.52401 1 1 3 54 304910
Rx 2.52401 1 1 3 54 304835
Rx 2.52401 1 1 3 54 304760
Rx 2.52401 1 1 3 54 304685
Rx 2.52401 1 1 3 54 304610
Rx 2.52401 1 1 3 54 304535
Rx 2.52401 1 1 3 54 304460
Rx 2.52401 1 1 3 54 304385
Rx 2.52401 1 1 3 54 304310
Rx 2.52401 1 1 3 54 304235
Rx 2.52401 1 1 3 54 304160
Rx 2.52401 1 1 3 54 304085
Rx 2.52401 1 1 3 54 304010
Rx 2.52401 1 1 3 54 303935
Rx 2.52401 1 1 3 54 303860
Rx 2.52401 1 1 3 54 303785
Rx 2.52405 1 2 3 1554 761620
Rx 2.52405 1 2 3 1554 760345
Rx 2.52405 1 2 3 1554 759070
Rx 2.52405 1 2 3 1554 757795
Rx 2.52405 1 2 3 1554 756520
Rx 2.52405 1 2 3 1554 755245
Rx 2.52405 1 2 3 1554 753970
Rx 2.52405 1 2 3 1554 664170
Rx 2.52405 1 2 3 1554 662895
Rx 2.52405 1 2 3 1554 661620
Tx 2.5241 1 1 3 54 
Tx 2.5241 1 1 3 54 
Tx 2.5241 1 1 3 54 
Tx 2.5241 1 1 3 54 
Tx 2.5241 1 1 3 54 
Tx 2.5241 1 1 3 54 
Tx 2.5241 1 1 3 54 
Tx 2.5241 1 1 3 54 
Tx 2.5241 1 1 3 54 
Tx 2.5241 1 1 3 54 
Tx 2.5241 1 1 3 54 
Tx 2.5241 1 1 3 54 
Tx 2.5241 1 1 3 54 
Tx 2.5241 1 1 3 54 
Tx 2.5241 1 1 3 54 
Tx 2.5241 1 1 3 54 
Tx 2.5241 1 1 3 54 
Tx 2.5241 1 1 3 54 
Tx 2.5241 1 1 3 54 
Tx 2.5241 1 1 3 54 
Tx 2.5241 1 1 3 54 
Tx 2.5241 1 1 3 54 
Tx 2.5241 1 1 3 54 
Tx 2.5241 1 1 3 54 
Tx 2.5241 1 1 3 54 
Tx 2.5241 1 1 3 54 
Tx 2.5241 1 1 3 54 
Tx 2.5241 1 1 3 54 
Tx 2.5241 1 1 3 54 
Tx 2.5241 1 1 3 54 
Tx 2.5241 1 1 3 54 
Tx 2.5241 1 1 3 54 
Tx 2.5241 1 1 3 54 
Tx 2.5241 1 1 3 54 
Tx 2.5241 1 1 3 54 
Tx 2.5241 1 1 3 54 
Tx 2.5241 1 1 3 54 
Tx 2.5241 1 1 3 54 
Tx 2.5241 1 1 3 54 
Tx 2.5241 1 1 3 54 
Tx 2.5241 1 1 3 54 
Tx 2.5241 1 1 3 54 
Tx 2.5241 1 1 3 54 
Rx 2.52411 1 1 3 54 399550
Rx 2.52415 1 2 3 1554 756185
Rx 2.52415 1 2 3 1554 754910
Rx 2.52415 1 2 3 1554 753635
Rx 2.52415 1 2 3 1554 752360
Rx 2.52415 1 2 3 1554 751085
Rx 2.52415 1 2 3 1554 749810
Rx 2.52415 1 2 3 1554 748535
Rx 2.52415 1 2 3 1554 747260
Rx 2.52415 1 2 3 1554 672490
Rx 2.52415 1 2 3 1554 671215
Tx 2.52419 1 2 3 1554 
Tx 2.52419 1 2 3 1554 
Tx 2.52419 1 2 3 1554 
Tx 2.52419 1 2 3 1554 
Tx 2.52419 1 2 3 1554 
Tx 2.52419 1 2 3 1554 
Tx 2.5242 1 2 3 1554 
Tx 2.5242 1 2 3 1554 
Tx 2.5242 1 2 3 1554 
Tx 2.5242 1 2 3 1554 
Tx 2.52428 1 2 3 1554 
Tx 2.52428 1 2 3 1554 
Tx 2.52428 1 2 3 1554 
Tx 2.52428 1 2 3 1554 
Tx 2.52428 1 2 3 1554 
Tx 2.52428 1 2 3 1554 
Tx 2.52428 1 2 3 1554 
Rx 2.52435 1 2 3 1554 869940
Rx 2.52435 1 2 3 1554 868665
Rx 2.52435 1 2 3 1554 867390
Rx 2.52435 1 2 3 1554 866115
Rx 2.52435 1 2 3 1554 864840
Rx 2.52435 1 2 3 1554 863565
Rx 2.52435 1 2 3 1554 768330
Rx 2.52435 1 2 3 1554 767055
Rx 2.52435 1 2 3 1554 765780
Rx 2.52435 1 2 3 1554 764505
Tx 2.52438 1 2 3 1554 
Tx 2.52438 1 2 3 1554 
Tx 2.52439 1 2 3 1554 
Tx 2.52439 1 2 3 1554 
Tx 2.52439 1 2 3 1554 
Tx 2.52439 1 2 3 1554 
Tx 2.52439 1 2 3 1554 
Tx 2.52439 1 2 3 1554 
Tx 2.52439 1 2 3 1554 
Rx 2.52445 1 2 3 1554 863230
Rx 2.52445 1 2 3 1554 861955
Rx 2.52445 1 2 3 1554 860680
Rx 2.52445 1 2 3 1554 859405
Rx 2.52445 1 2 3 1554 858130
Rx 2.52445 1 2 3 1554 751690
Rx 2.52445 1 2 3 1554 750415
Rx 2.52445 1 2 3 1554 749140
Rx 2.52445 1 2 3 1554 747865
Rx 2.52445 1 2 3 1554 746590
Tx 2.52449 1 2 3 1554 
Tx 2.52449 1 2 3 1554 
Tx 2.52449 1 2 3 1554 
Tx 2.52449 1 2 3 1554 
Tx 2.52449 1 2 3 1554 
Tx 2.52449 1 2 3 1554 
Tx 2.5245 1 2 3 1554 
Tx 2.5245 1 2 3 1554 
Tx 2.5245 1 2 3 1554 
Tx 2.5245 1 2 3 1554 
Tx 2.5245 1 1 3 54 
Tx 2.5245 1 1 3 54 
Tx 2.5245 1 1 3 54 
Tx 2.5245 1 1 3 54 
Tx 2.5245 1 1 3 54 
Tx 2.5245 1 1 3 54 
Tx 2.5245 1 1 3 54 
Tx 2.5245 1 1 3 54 
Tx 2.5245 1 1 3 54 
Tx 2.5245 1 1 3 54 
Tx 2.5245 1 1 3 54 
Tx 2.5245 1 1 3 54 
Tx 2.5245 1 1 3 54 
Tx 2.5245 1 1 3 54 
Tx 2.5245 1 1 3 54 
Tx 2.5245 1 1 3 54 
Tx 2.5245 1 1 3 54 
Tx 2.5245 1 1 3 54 
Tx 2.5245 1 1 3 54 
Tx 2.5245 1 1 3 54 
Tx 2.5245 1 1 3 54 
Tx 2.5245 1 1 3 54 
Tx 2.5245 1 1 3 54 
Tx 2.5245 1 1 3 54 
Tx 2.5245 1 1 3 54 
Tx 2.5245 1 1 3 54 
Tx 2.5245 1 1 3 54 
Tx 2.5245 1 1 3 54 
Tx 2.5245 1 1 3 54 
Tx 2.5245 1 1 3 54 
Rx 2.52451 1 1 3 54 416650
Rx 2.52451 1 1 3 54 416575
Rx 2.52451 1 1 3 54 416500
Rx 2.52451 1 1 3 54 416425
Rx 2.52451 1 1 3 54 416350
Rx 2.52451 1 1 3 54 416275
Rx 2.52451 1 1 3 54 416200
Rx 2.52451 1 1 3 54 416125
Rx 2.52451 1 1 3 54 416050
Rx 2.52451 1 1 3 54 415975
Rx 2.52451 1 1 3 54 415900
Rx 2.52451 1 1 3 54 415825
Rx 2.52451 1 1 3 54 415750
Rx 2.52451 1 1 3 54 415675
Rx 2.52451 1 1 3 54 415600
Rx 2.52451 1 1 3 54 415525
Rx 2.52451 1 1 3 54 415450
Rx 2.52451 1 1 3 54 415375
Rx 2.52451 1 1 3 54 415300
Rx 2.52451 1 1 3 54 415225
Rx 2.52451 1 1 3 54 415150
Rx 2.52451 1 1 3 54 415075
Rx 2.52451 1 1 3 54 415000
Rx 2.52451 1 1 3 54 414925
Rx 2.52451 1 1 3 54 414850
Rx 2.52451 1 1 3 54 414775
Rx 2.52451 1 1 3 54 414700
Rx 2.52451 1 1 3 54 414625
Rx 2.52451 1 1 3 54 414550
Rx 2.52451 1 1 3 54 414475
Rx 2.52451 1 1 3 54 414400
Rx 2.52451 1 1 3 54 414325
Rx 2.52451 1 1 3 54 414250
Rx 2.52451 1 1 3 54 414175
Rx 2.52451 1 1 3 54 414100
Rx 2.52451 1 1 3 54 414025
Rx 2.52451 1 1 3 54 413950
Rx 2.52451 1 1 3 54 413875
Rx 2.52451 1 1 3 54 413800
Rx 2.52451 1 1 3 54 413725
Rx 2.52451 1 1 3 54 413650
Rx 2.52451 1 1 3 54 413575
Rx 2.52455 1 2 3 1554 849475
Rx 2.52455 1 2 3 1554 848200
Rx 2.52455 1 2 3 1554 846925
Rx 2.52455 1 2 3 1554 845650
Rx 2.52455 1 2 3 1554 844375
Rx 2.52455 1 2 3 1554 843100
Rx 2.52455 1 2 3 1554 755850
Rx 2.52455 1 2 3 1554 754575
Rx 2.52455 1 2 3 1554 753300
Rx 2.52455 1 2 3 1554 752025
Tx 2.52459 1 2 3 1554 
Tx 2.52459 1 2 3 1554 
Tx 2.52459 1 2 3 1554 
Tx 2.5246 1 2 3 1554 
Tx 2.5246 1 2 3 1554 
Tx 2.5246 1 2 3 1554 
Tx 2.5246 1 2 3 1554 
Tx 2.5246 1 2 3 1554 
Tx 2.5246 1 2 3 1554 
Tx 2.5246 1 2 3 1554 
Tx 2.5246 1 2 3 1554 
Rx 2.52465 1 2 3 1554 846590
Rx 2.52465 1 2 3 1554 845315
Rx 2.52465 1 2 3 1554 844040
Rx 2.52465 1 2 3 1554 842765
Rx 2.52465 1 2 3 1554 841490
Rx 2.52465 1 2 3 1554 840215
Rx 2.52465 1 2 3 1554 838940
Rx 2.52465 1 2 3 1554 837665
Rx 2.52465 1 2 3 1554 836390
Rx 2.52465 1 2 3 1554 747530
Tx 2.52469 1 2 3 1554 
Tx 2.52469 1 2 3 1554 
Tx 2.52469 1 2 3 1554 
Tx 2.52469 1 2 3 1554 
Tx 2.52469 1 2 3 1554 
Tx 2.52469 1 2 3 1554 
Tx 2.5247 1 2 3 1554 
Tx 2.5247 1 2 3 1554 
Rx 2.52471 1 1 3 54 609340
Rx 2.52471 1 1 3 54 211020
Rx 2.52471 1 1 3 54 210945
Rx 2.52471 1 1 3 54 210870
Rx 2.52471 1 1 3 54 210795
Rx 2.52471 1 1 3 54 210720
Rx 2.52471 1 1 3 54 210645
Rx 2.52471 1 1 3 54 210570
Rx 2.52471 1 1 3 54 210495
Rx 2.52471 1 1 3 54 210420
Rx 2.52474 1 2 3 1554 842095
Rx 2.52474 1 2 3 1554 840820
Rx 2.52474 1 2 3 1554 839545
Rx 2.52474 1 2 3 1554 838270
Rx 2.52474 1 2 3 1554 836995
Rx 2.52474 1 2 3 1554 835720
Rx 2.52474 1 2 3 1554 834445
Rx 2.52474 1 2 3 1554 833170
Rx 2.52474 1 2 3 1554 831895
Rx 2.52474 1 2 3 1554 830620
Rx 2.52481 1 1 3 54 310345
Rx 2.52481 1 1 3 54 310270
Rx 2.52481 1 1 3 54 310195
Rx 2.52481 1 1 3 54 310120
Rx 2.52481 1 1 3 54 310045
Rx 2.52481 1 1 3 54 309970
Rx 2.52481 1 1 3 54 309895
Rx 2.52481 1 1 3 54 309820
Rx 2.52481 1 1 3 54 309745
Rx 2.52481 1 1 3 54 309670
Rx 2.52481 1 1 3 54 309595
Rx 2.52481 1 1 3 54 309520
Rx 2.52481 1 1 3 54 309445
Rx 2.52481 1 1 3 54 309370
Rx 2.52481 1 1 3 54 309295
Rx 2.52481 1 1 3 54 309220
Rx 2.52481 1 1 3 54 309145
Rx 2.52481 1 1 3 54 309070
Rx 2.52481 1 1 3 54 308995
Rx 2.52481 1 1 3 54 308920
Rx 2.52485 1 2 3 1554 864170
Rx 2.52485 1 2 3 1554 862895
Rx 2.52485 1 2 3 1554 861620
Rx 2.52485 1 2 3 1554 860345
Rx 2.52485 1 2 3 1554 859070
Rx 2.52485 1 2 3 1554 857795
Rx 2.52485 1 2 3 1554 856520
Rx 2.52485 1 2 3 1554 855245
Rx 2.52485 1 2 3 1554 853970
Rx 2.52485 1 2 3 1554 852695
Tx 2.52489 1 1 3 54 
Tx 2.52489 1 1 3 54 
Tx 2.52489 1 1 3 54 
Tx 2.52489 1 1 3 54 
Tx 2.52489 1 1 3 54 
Tx 2.52489 1 1 3 54 
Tx 2.52489 1 1 3 54 
Tx 2.52489 1 1 3 54 
Tx 2.52489 1 1 3 54 
Tx 2.52489 1 1 3 54 
Tx 2.52489 1 1 3 54 
Tx 2.52489 1 1 3 54 
Tx 2.52489 1 1 3 54 
Tx 2.52489 1 1 3 54 
Tx 2.52489 1 1 3 54 
Tx 2.52489 1 1 3 54 
Tx 2.52489 1 1 3 54 
Tx 2.52489 1 1 3 54 
Tx 2.5249 1 1 3 54 
Tx 2.5249 1 1 3 54 
Tx 2.5249 1 1 3 54 
Tx 2.5249 1 1 3 54 
Tx 2.5249 1 1 3 54 
Tx 2.5249 1 1 3 54 
Tx 2.5249 1 1 3 54 
Tx 2.5249 1 1 3 54 
Tx 2.5249 1 1 3 54 
Tx 2.5249 1 1 3 54 
Tx 2.5249 1 1 3 54 
Tx 2.5249 1 1 3 54 
Tx 2.5249 1 1 3 54 
Tx 2.5249 1 1 3 54 
Tx 2.5249 1 1 3 54 
Tx 2.5249 1 1 3 54 
Tx 2.5249 1 1 3 54 
Tx 2.5249 1 1 3 54 
Tx 2.5249 1 1 3 54 
Tx 2.5249 1 1 3 54 
Tx 2.5249 1 1 3 54 
Tx 2.5249 1 1 3 54 
Rx 2.52491 1 1 3 54 408845
Rx 2.52495 1 2 3 1554 951420
Rx 2.52495 1 2 3 1554 760010
Rx 2.52495 1 2 3 1554 758735
Rx 2.52495 1 2 3 1554 757460
Rx 2.52495 1 2 3 1554 756185
Rx 2.52495 1 2 3 1554 754910
Rx 2.52495 1 2 3 1554 753635
Rx 2.52495 1 2 3 1554 752360
Rx 2.52495 1 2 3 1554 751085
Rx 2.52495 1 2 3 1554 749810
Rx 2.52505 1 2 3 1554 848535
Rx 2.52505 1 2 3 1554 772490
Rx 2.52505 1 2 3 1554 771215
Rx 2.52505 1 2 3 1554 769940
Rx 2.52505 1 2 3 1554 768665
Rx 2.52505 1 2 3 1554 767390
Rx 2.52505 1 2 3 1554 766115
Rx 2.52515 1 2 3 1554 864840
Rx 2.52515 1 2 3 1554 764170
Rx 2.52515 1 2 3 1554 762895
Rx 2.52515 1 2 3 1554 761620
Rx 2.52515 1 2 3 1554 760345
Rx 2.52515 1 2 3 1554 759070
Rx 2.52515 1 2 3 1554 757795
Rx 2.52515 1 2 3 1554 756520
Tx 2.5253 1 1 3 54 
Tx 2.5253 1 1 3 54 
Tx 2.5253 1 1 3 54 
Tx 2.5253 1 1 3 54 
Tx 2.5253 1 1 3 54 
Tx 2.5253 1 1 3 54 
Tx 2.5253 1 1 3 54 
Tx 2.5253 1 1 3 54 
Tx 2.5253 1 1 3 54 
Tx 2.5253 1 1 3 54 
Tx 2.5253 1 1 3 54 
Tx 2.5253 1 1 3 54 
Tx 2.5253 1 1 3 54 
Tx 2.5253 1 1 3 54 
Tx 2.5253 1 1 3 54 
Tx 2.5253 1 1 3 54 
Tx 2.5253 1 1 3 54 
Tx 2.5253 1 1 3 54 
Tx 2.5253 1 1 3 54 
Tx 2.5253 1 1 3 54 
Tx 2.5253 1 1 3 54 
Tx 2.5253 1 1 3 54 
Tx 2.5253 1 1 3 54 
Tx 2.5253 1 1 3 54 
Tx 2.5253 1 1 3 54 
Tx 2.5253 1 1 3 54 
Tx 2.5253 1 1 3 54 
Tx 2.5253 1 1 3 54 
Tx 2.5253 1 1 3 54 
Tx 2.5253 1 1 3 54 
Tx 2.5253 1 1 3 54 
Tx 2.5253 1 1 3 54 
Tx 2.5253 1 1 3 54 
Tx 2.5253 1 1 3 54 
Tx 2.5253 1 1 3 54 
Tx 2.5253 1 1 3 54 
Tx 2.5253 1 1 3 54 
Rx 2.52535 1 2 3 1554 955245
Rx 2.52535 1 2 3 1554 953970
Rx 2.52535 1 2 3 1554 860010
Rx 2.52535 1 2 3 1554 858735
Rx 2.52535 1 2 3 1554 857460
Rx 2.52535 1 2 3 1554 856185
Rx 2.52535 1 2 3 1554 854910
Rx 2.52535 1 2 3 1554 853635
Rx 2.52535 1 2 3 1554 852360
Rx 2.52535 1 2 3 1554 851085
Rx 2.52541 1 1 3 54 520810
Rx 2.52541 1 1 3 54 520735
Rx 2.52541 1 1 3 54 520660
Rx 2.52541 1 1 3 54 520585
Rx 2.52541 1 1 3 54 520510
Rx 2.52541 1 1 3 54 520435
Rx 2.52541 1 1 3 54 520360
Rx 2.52541 1 1 3 54 520285
Rx 2.52541 1 1 3 54 520210
Rx 2.52541 1 1 3 54 520135
Rx 2.52541 1 1 3 54 520060
Rx 2.52541 1 1 3 54 519985
Rx 2.52541 1 1 3 54 519910
Rx 2.52541 1 1 3 54 519835
Rx 2.52541 1 1 3 54 519760
Rx 2.52541 1 1 3 54 519685
Rx 2.52541 1 1 3 54 519610
Rx 2.52541 1 1 3 54 519535
Rx 2.52541 1 1 3 54 519460
Rx 2.52541 1 1 3 54 519385
Rx 2.52541 1 1 3 54 519310
Rx 2.52541 1 1 3 54 519235
Rx 2.52541 1 1 3 54 519160
Rx 2.52541 1 1 3 54 519085
Rx 2.52541 1 1 3 54 519010
Rx 2.52541 1 1 3 54 518935
Rx 2.52541 1 1 3 54 518860
Rx 2.52541 1 1 3 54 518785
Rx 2.52541 1 1 3 54 518710
Rx 2.52541 1 1 3 54 518635
Rx 2.52541 1 1 3 54 518560
Rx 2.52541 1 1 3 54 518485
Rx 2.52541 1 1 3 54 518410
Rx 2.52541 1 1 3 54 518335
Rx 2.52541 1 1 3 54 518260
Rx 2.52541 1 1 3 54 518185
Rx 2.52541 1 1 3 54 518110
Rx 2.52541 1 1 3 54 518035
Rx 2.52541 1 1 3 54 517960
Rx 2.52544 1 2 3 1554 945650
Rx 2.52544 1 2 3 1554 944375
Rx 2.52544 1 2 3 1554 851690
Rx 2.52544 1 2 3 1554 850415
Rx 2.52544 1 2 3 1554 849140
Rx 2.52544 1 2 3 1554 847865
Rx 2.52544 1 2 3 1554 846590
Rx 2.52544 1 2 3 1554 845315
Rx 2.52551 1 1 3 54 613725
Rx 2.52551 1 1 3 54 212490
Rx 2.52551 1 1 3 54 212415
Rx 2.52551 1 1 3 54 212340
Rx 2.52551 1 1 3 54 212265
Rx 2.52551 1 1 3 54 212190
Rx 2.52551 1 1 3 54 212115
Rx 2.52551 1 1 3 54 212040
Rx 2.52551 1 1 3 54 211965
Rx 2.52551 1 1 3 54 211890
Rx 2.52551 1 1 3 54 211815
Rx 2.52551 1 1 3 54 211740
Rx 2.52551 1 1 3 54 211665
Rx 2.52551 1 1 3 54 211590
Rx 2.52551 1 1 3 54 211515
Rx 2.52551 1 1 3 54 211440
Rx 2.52551 1 1 3 54 211365
Rx 2.52551 1 1 3 54 211290
Rx 2.52551 1 1 3 54 211215
Rx 2.52551 1 1 3 54 211140
Rx 2.52551 1 1 3 54 211065
Rx 2.52551 1 1 3 54 210990
Rx 2.52551 1 1 3 54 210915
Rx 2.52551 1 1 3 54 210840
Rx 2.52551 1 1 3 54 210765
Rx 2.52551 1 1 3 54 210690
Rx 2.52551 1 1 3 54 210615
Rx 2.52551 1 1 3 54 210540
Rx 2.52551 1 1 3 54 210465
Rx 2.52554 1 2 3 1554 944040
Rx 2.52554 1 2 3 1554 942765
Rx 2.52554 1 2 3 1554 941490
Rx 2.52554 1 2 3 1554 940215
Rx 2.52554 1 2 3 1554 938940
Rx 2.52554 1 2 3 1554 855850
Rx 2.52554 1 2 3 1554 854575
Rx 2.52554 1 2 3 1554 853300
Rx 2.52554 1 2 3 1554 852025
Rx 2.52554 1 2 3 1554 850750
Rx 2.52562 1 2 3 1554 928675
Rx 2.52562 1 2 3 1554 927400
Rx 2.52562 1 2 3 1554 926125
Tx 2.5257 1 1 3 54 
Tx 2.5257 1 1 3 54 
Tx 2.5257 1 1 3 54 
Tx 2.5257 1 1 3 54 
Tx 2.5257 1 1 3 54 
Tx 2.5257 1 1 3 54 
Tx 2.5257 1 1 3 54 
Tx 2.5257 1 1 3 54 
Tx 2.5257 1 1 3 54 
Tx 2.5257 1 1 3 54 
Tx 2.5257 1 1 3 54 
Tx 2.5257 1 1 3 54 
Tx 2.5257 1 1 3 54 
Tx 2.5257 1 1 3 54 
Tx 2.5257 1 1 3 54 
Tx 2.5257 1 1 3 54 
Tx 2.5257 1 1 3 54 
Tx 2.5257 1 1 3 54 
Tx 2.5257 1 1 3 54 
Tx 2.5257 1 1 3 54 
Tx 2.5257 1 1 3 54 
Tx 2.5257 1 1 3 54 
Tx 2.5257 1 1 3 54 
Tx 2.5257 1 1 3 54 
Tx 2.5257 1 1 3 54 
Tx 2.5257 1 1 3 54 
Rx 2.52595 1 1 3 54 647830
Rx 2.52595 1 1 3 54 647755
Rx 2.52595 1 1 3 54 647680
Rx 2.52595 1 1 3 54 647605
Rx 2.52595 1 1 3 54 647530
Rx 2.52595 1 1 3 54 647455
Rx 2.52595 1 1 3 54 647380
Rx 2.52595 1 1 3 54 647305
Rx 2.52595 1 1 3 54 647230
Rx 2.52595 1 1 3 54 249930
Rx 2.52595 1 1 3 54 249855
Rx 2.52595 1 1 3 54 249780
Rx 2.52595 1 1 3 54 249705
Rx 2.52595 1 1 3 54 249630
Rx 2.52595 1 1 3 54 249555
Rx 2.52595 1 1 3 54 249480
Rx 2.52595 1 1 3 54 249405
Rx 2.52595 1 1 3 54 249330
Rx 2.52595 1 1 3 54 249255
Rx 2.52595 1 1 3 54 249180
Rx 2.52595 1 1 3 54 249105
Rx 2.52595 1 1 3 54 249030
Rx 2.52595 1 1 3 54 248955
Rx 2.52595 1 1 3 54 248880
Rx 2.52595 1 1 3 54 248805
Rx 2.52595 1 1 3 54 248730
Rx 2.52595 1 1 3 54 248655
Rx 2.52595 1 1 3 54 248580
Rx 2.52595 1 1 3 54 248505
Rx 2.52595 1 1 3 54 248430
Rx 2.52595 1 1 3 54 248355
Rx 2.52595 1 1 3 54 248280
Rx 2.52595 1 1 3 54 248205
Rx 2.52595 1 1 3 54 248130
Rx 2.52602 1 1 3 54 323095
Tx 2.52603 1 1 3 54 
Tx 2.52603 1 1 3 54 
Tx 2.52603 1 1 3 54 
Tx 2.52603 1 1 3 54 
Tx 2.52603 1 1 3 54 
Tx 2.52603 1 1 3 54 
Tx 2.52603 1 1 3 54 
Tx 2.52603 1 1 3 54 
Tx 2.52603 1 1 3 54 
Tx 2.52603 1 1 3 54 
Tx 2.52603 1 1 3 54 
Tx 2.52603 1 1 3 54 
Tx 2.52603 1 1 3 54 
Rx 2.52651 1 1 3 54 479050
Rx 2.52651 1 1 3 54 478975
Rx 2.52651 1 1 3 54 478900
Rx 2.52651 1 1 3 54 478825
Rx 2.52651 1 1 3 54 478750
Rx 2.52651 1 1 3 54 478675
Rx 2.52651 1 1 3 54 478600
Rx 2.52651 1 1 3 54 478525
Rx 2.52651 1 1 3 54 478450
Rx 2.52651 1 1 3 54 478375
Rx 2.52651 1 1 3 54 478300
Rx 2.52651 1 1 3 54 478225
Rx 2.54631 1 1 3 54 20282310
Tx 8.72601 1 1 3 1054 
Rx 8.72631 1 1 3 1054 302410
