Rx 0.00351032 1 1 1 4 400000
Rx 0.00351448 1 2 1 4 400000
Rx 0.00411864 1 1 1 3 308320
Rx 0.0041228 1 2 1 3 308320
Tx 1.00398 1 1 3 230 
Rx 1.00431 1 1 3 230 328855
Tx 2 1 1 3 286 
Rx 2.00031 1 1 3 286 310319
Tx 2.00061 1 2 3 90 
Rx 2.00101 1 2 3 90 400000
Tx 2.50131 1 1 3 58 
Rx 2.50171 1 1 3 58 395840
Tx 2.50201 1 2 3 58 
Rx 2.50241 1 2 3 58 400000
Tx 2.50271 1 1 3 54 
Tx 2.50271 1 1 3 1554 
Rx 2.50312 1 1 3 54 408320
Rx 2.50312 1 1 3 1554 408320
Tx 2.50341 1 2 3 54 
Rx 2.50381 1 2 3 54 404160
Tx 2.50411 1 1 3 1554 
Tx 2.50411 1 1 3 1554 
Rx 2.50432 1 1 3 1554 208320
Rx 2.50432 1 1 3 1554 208320
Tx 2.50461 1 2 3 54 
Tx 2.50461 1 2 3 54 
Rx 2.50502 1 2 3 54 404160
Rx 2.50502 1 2 3 54 404160
Tx 2.50531 1 1 3 1554 
Tx 2.50531 1 1 3 1554 
Tx 2.50531 1 1 3 1554 
Tx 2.50531 1 1 3 1554 
Rx 2.50552 1 1 3 1554 212480
Rx 2.50552 1 1 3 1554 212480
Rx 2.50563 1 1 3 1554 320800
Rx 2.50563 1 1 3 1554 320800
Tx 2.50581 1 2 3 54 
Tx 2.50581 1 2 3 54 
Tx 2.50601 1 2 3 54 
Tx 2.50601 1 2 3 54 
Rx 2.50622 1 2 3 54 404160
Rx 2.50622 1 2 3 54 404160
Rx 2.50622 1 2 3 54 204160
Rx 2.50622 1 2 3 54 204160
Tx 2.50661 1 1 3 1554 
Tx 2.50661 1 1 3 1554 
Tx 2.50661 1 1 3 1554 
Tx 2.50661 1 1 3 1554 
Tx 2.50661 1 1 3 1554 
Tx 2.50661 1 1 3 1554 
Tx 2.50661 1 1 3 1554 
Tx 2.50661 1 1 3 1554 
Rx 2.50705 1 1 3 1554 441600
Rx 2.50705 1 1 3 1554 441600
Rx 2.50705 1 1 3 1554 441600
Rx 2.50705 1 1 3 1554 441600
Rx 2.50705 1 1 3 1554 441600
Rx 2.50705 1 1 3 1554 441600
Rx 2.50705 1 1 3 1554 441600
Rx 2.50705 1 1 3 1554 441600
Tx 2.50734 1 2 3 54 
Tx 2.50734 1 2 3 54 
Tx 2.50734 1 2 3 54 
Tx 2.50734 1 2 3 54 
Tx 2.50734 1 2 3 54 
Tx 2.50734 1 2 3 54 
Tx 2.50734 1 2 3 54 
Tx 2.50741 1 2 3 54 
Rx 2.50774 1 2 3 54 408320
Rx 2.50774 1 2 3 54 408320
Rx 2.50774 1 2 3 54 408320
Rx 2.50774 1 2 3 54 408320
Rx 2.50774 1 2 3 54 408320
Rx 2.50774 1 2 3 54 408320
Rx 2.50774 1 2 3 54 408320
Rx 2.50774 1 2 3 54 333280
Tx 2.50801 1 1 3 1554 
Tx 2.50801 1 1 3 1554 
Tx 2.50801 1 1 3 1554 
Tx 2.50801 1 1 3 1554 
Tx 2.50801 1 1 3 1554 
Tx 2.50801 1 1 3 1554 
Tx 2.50801 1 1 3 1554 
Tx 2.50801 1 1 3 1554 
Tx 2.50801 1 1 3 1554 
Tx 2.50801 1 1 3 1554 
Tx 2.50801 1 1 3 1554 
Tx 2.50801 1 1 3 1554 
Tx 2.50801 1 1 3 1554 
Tx 2.50801 1 1 3 1554 
Tx 2.50814 1 1 3 1554 
Tx 2.50814 1 1 3 1554 
Rx 2.5086 1 1 3 1554 583200
Rx 2.5086 1 1 3 1554 583200
Rx 2.5086 1 1 3 1554 583200
Rx 2.5086 1 1 3 1554 583200
Rx 2.5086 1 1 3 1554 583200
Rx 2.5086 1 1 3 1554 583200
Rx 2.5086 1 1 3 1554 583200
Rx 2.5086 1 1 3 1554 583200
Rx 2.5086 1 1 3 1554 583200
Rx 2.5086 1 1 3 1554 583200
Rx 2.5086 1 1 3 1554 583200
Rx 2.5086 1 1 3 1554 583200
Rx 2.5086 1 1 3 1554 583200
Rx 2.5086 1 1 3 1554 583200
Rx 2.5086 1 1 3 1554 454080
Rx 2.5086 1 1 3 1554 454080
Tx 2.50895 1 2 3 54 
Tx 2.50895 1 2 3 54 
Tx 2.50895 1 2 3 54 
Tx 2.50895 1 2 3 54 
Tx 2.50895 1 2 3 54 
Tx 2.50895 1 2 3 54 
Tx 2.50895 1 2 3 54 
Tx 2.50895 1 2 3 54 
Tx 2.50895 1 2 3 54 
Tx 2.50895 1 2 3 54 
Tx 2.50895 1 2 3 54 
Tx 2.50895 1 2 3 54 
Tx 2.50902 1 2 3 54 
Tx 2.50902 1 2 3 54 
Tx 2.50902 1 2 3 54 
Tx 2.50902 1 2 3 54 
Rx 2.50935 1 2 3 54 400000
Rx 2.50935 1 2 3 54 400000
Rx 2.50935 1 2 3 54 400000
Rx 2.50935 1 2 3 54 400000
Rx 2.50935 1 2 3 54 400000
Rx 2.50935 1 2 3 54 400000
Rx 2.50935 1 2 3 54 400000
Rx 2.50935 1 2 3 54 400000
Rx 2.50935 1 2 3 54 400000
Rx 2.50935 1 2 3 54 400000
Rx 2.50935 1 2 3 54 400000
Rx 2.50935 1 2 3 54 400000
Rx 2.50935 1 2 3 54 333280
Rx 2.50935 1 2 3 54 333280
Rx 2.50935 1 2 3 54 333280
Rx 2.50935 1 2 3 54 333280
Tx 2.50965 1 1 3 1554 
Tx 2.50965 1 1 3 1554 
Tx 2.50965 1 1 3 1554 
Tx 2.50965 1 1 3 1554 
Tx 2.50965 1 1 3 1554 
Tx 2.50965 1 1 3 1554 
Tx 2.50965 1 1 3 1554 
Tx 2.50965 1 1 3 1554 
Tx 2.50965 1 1 3 1554 
Tx 2.50965 1 1 3 1554 
Tx 2.50965 1 1 3 1554 
Tx 2.50965 1 1 3 1554 
Tx 2.50965 1 1 3 1554 
Tx 2.50965 1 1 3 1554 
Tx 2.50965 1 1 3 1554 
Tx 2.50965 1 1 3 1554 
Tx 2.50965 1 1 3 1554 
Tx 2.50965 1 1 3 1554 
Tx 2.50965 1 1 3 1554 
Tx 2.50965 1 1 3 1554 
Tx 2.50965 1 1 3 1554 
Tx 2.50965 1 1 3 1554 
Tx 2.50965 1 1 3 1554 
Tx 2.50965 1 1 3 1554 
Tx 2.50965 1 1 3 1554 
Tx 2.50965 1 1 3 1554 
Tx 2.50965 1 1 3 1554 
Tx 2.50965 1 1 3 1554 
Tx 2.50965 1 1 3 1554 
Tx 2.50965 1 1 3 1554 
Tx 2.50971 1 1 3 1554 
Tx 2.50971 1 1 3 1554 
Rx 2.50999 1 1 3 1554 345760
Rx 2.50999 1 1 3 1554 345760
Rx 2.50999 1 1 3 1554 345760
Rx 2.50999 1 1 3 1554 345760
Rx 2.50999 1 1 3 1554 345760
Rx 2.50999 1 1 3 1554 345760
Rx 2.50999 1 1 3 1554 345760
Rx 2.50999 1 1 3 1554 345760
Rx 2.50999 1 1 3 1554 345760
Rx 2.50999 1 1 3 1554 345760
Rx 2.50999 1 1 3 1554 345760
Rx 2.50999 1 1 3 1554 345760
Rx 2.50999 1 1 3 1554 345760
Rx 2.50999 1 1 3 1554 345760
Rx 2.50999 1 1 3 1554 345760
Rx 2.50999 1 1 3 1554 345760
Rx 2.50999 1 1 3 1554 345760
Rx 2.50999 1 1 3 1554 345760
Rx 2.50999 1 1 3 1554 345760
Rx 2.50999 1 1 3 1554 345760
Rx 2.50999 1 1 3 1554 345760
Rx 2.50999 1 1 3 1554 345760
Rx 2.5101 1 1 3 1554 449920
Rx 2.5101 1 1 3 1554 449920
Rx 2.5101 1 1 3 1554 449920
Rx 2.5101 1 1 3 1554 449920
Rx 2.5101 1 1 3 1554 449920
Rx 2.5101 1 1 3 1554 449920
Rx 2.5101 1 1 3 1554 449920
Rx 2.5101 1 1 3 1554 449920
Rx 2.5101 1 1 3 1554 387360
Rx 2.5101 1 1 3 1554 387360
Tx 2.51022 1 2 3 54 
Tx 2.51022 1 2 3 54 
Tx 2.51022 1 2 3 54 
Tx 2.51022 1 2 3 54 
Tx 2.51045 1 2 3 54 
Tx 2.51045 1 2 3 54 
Tx 2.51045 1 2 3 54 
Tx 2.51045 1 2 3 54 
Tx 2.51045 1 2 3 54 
Tx 2.51045 1 2 3 54 
Tx 2.51045 1 2 3 54 
Tx 2.51045 1 2 3 54 
Tx 2.51045 1 2 3 54 
Tx 2.51045 1 2 3 54 
Tx 2.51045 1 2 3 54 
Rx 2.51046 1 2 3 54 233280
Rx 2.51046 1 2 3 54 233280
Rx 2.51046 1 2 3 54 233280
Rx 2.51046 1 2 3 54 233280
Tx 2.51055 1 2 3 54 
Tx 2.51055 1 2 3 54 
Tx 2.51055 1 2 3 54 
Tx 2.51055 1 2 3 54 
Tx 2.51055 1 2 3 54 
Tx 2.51055 1 2 3 54 
Tx 2.51055 1 2 3 54 
Tx 2.51055 1 2 3 54 
Tx 2.51055 1 2 3 54 
Tx 2.51055 1 2 3 54 
Tx 2.51055 1 2 3 54 
Tx 2.51063 1 2 3 54 
Tx 2.51063 1 2 3 54 
Tx 2.51063 1 2 3 54 
Tx 2.51063 1 2 3 54 
Tx 2.51063 1 2 3 54 
Tx 2.51063 1 2 3 54 
Tx 2.51075 1 1 3 1554 
Tx 2.51075 1 1 3 1554 
Tx 2.51075 1 1 3 1554 
Tx 2.51075 1 1 3 1554 
Tx 2.51075 1 1 3 1554 
Tx 2.51075 1 1 3 1554 
Tx 2.51075 1 1 3 1554 
Tx 2.51075 1 1 3 1554 
Rx 2.51076 1 2 3 54 308320
Rx 2.51076 1 2 3 54 308320
Rx 2.51076 1 2 3 54 308320
Rx 2.51076 1 2 3 54 308320
Rx 2.51076 1 2 3 54 308320
Rx 2.51076 1 2 3 54 308320
Rx 2.51076 1 2 3 54 308320
Rx 2.51076 1 2 3 54 308320
Rx 2.51076 1 2 3 54 308320
Rx 2.51076 1 2 3 54 308320
Rx 2.51076 1 2 3 54 308320
Rx 2.51076 1 2 3 54 208320
Rx 2.51076 1 2 3 54 208320
Rx 2.51076 1 2 3 54 208320
Rx 2.51076 1 2 3 54 208320
Rx 2.51076 1 2 3 54 208320
Rx 2.51076 1 2 3 54 208320
Rx 2.51076 1 2 3 54 208320
Rx 2.51076 1 2 3 54 208320
Rx 2.51076 1 2 3 54 208320
Rx 2.51076 1 2 3 54 208320
Rx 2.51076 1 2 3 54 208320
Rx 2.51109 1 1 3 1554 341600
Rx 2.51109 1 1 3 1554 341600
Rx 2.51109 1 1 3 1554 341600
Rx 2.51109 1 1 3 1554 341600
Rx 2.51109 1 1 3 1554 341600
Rx 2.51109 1 1 3 1554 341600
Rx 2.51109 1 1 3 1554 341600
Rx 2.51109 1 1 3 1554 341600
Rx 2.5111 1 2 3 54 470720
Rx 2.5111 1 2 3 54 470720
Rx 2.5111 1 2 3 54 470720
Rx 2.5111 1 2 3 54 470720
Rx 2.5111 1 2 3 54 470720
Rx 2.5111 1 2 3 54 470720
Tx 2.51111 1 1 3 1554 
Tx 2.51111 1 1 3 1554 
Tx 2.51111 1 1 3 1554 
Tx 2.51111 1 1 3 1554 
Tx 2.51111 1 1 3 1554 
Tx 2.51111 1 1 3 1554 
Tx 2.51111 1 1 3 1554 
Tx 2.51111 1 1 3 1554 
Tx 2.51111 1 1 3 1554 
Tx 2.51111 1 1 3 1554 
Tx 2.51111 1 1 3 1554 
Tx 2.51111 1 1 3 1554 
Tx 2.51111 1 1 3 1554 
Tx 2.51111 1 1 3 1554 
Tx 2.51111 1 1 3 1554 
Tx 2.51111 1 1 3 1554 
Tx 2.51111 1 1 3 1554 
Tx 2.51111 1 1 3 1554 
Tx 2.51111 1 1 3 1554 
Tx 2.51111 1 1 3 1554 
Tx 2.51111 1 1 3 1554 
Tx 2.51111 1 1 3 1554 
Tx 2.51111 1 1 3 1554 
Tx 2.51111 1 1 3 1554 
Tx 2.51111 1 1 3 1554 
Tx 2.51111 1 1 3 1554 
Tx 2.51111 1 1 3 1554 
Tx 2.51111 1 1 3 1554 
Tx 2.51111 1 1 3 1554 
Tx 2.51111 1 1 3 1554 
Tx 2.51111 1 1 3 1554 
Tx 2.51111 1 1 3 1554 
Tx 2.51111 1 1 3 1554 
Tx 2.51111 1 1 3 1554 
Tx 2.51111 1 1 3 1554 
Tx 2.51111 1 1 3 1554 
Tx 2.51111 1 1 3 1554 
Tx 2.51111 1 1 3 1554 
Tx 2.51111 1 1 3 1554 
Tx 2.51111 1 1 3 1554 
Tx 2.51111 1 1 3 1554 
Tx 2.51111 1 1 3 1554 
Tx 2.51121 1 1 3 1554 
Tx 2.51121 1 1 3 1554 
Tx 2.51144 1 2 3 54 
Tx 2.51144 1 2 3 54 
Tx 2.51144 1 2 3 54 
Tx 2.51144 1 2 3 54 
Tx 2.51144 1 2 3 54 
Tx 2.51144 1 2 3 54 
Tx 2.51144 1 2 3 54 
Rx 2.51147 1 1 3 1554 362400
Rx 2.51147 1 1 3 1554 362400
Rx 2.51147 1 1 3 1554 362400
Rx 2.51147 1 1 3 1554 362400
Rx 2.51147 1 1 3 1554 362400
Rx 2.51147 1 1 3 1554 362400
Rx 2.51147 1 1 3 1554 362400
Rx 2.51147 1 1 3 1554 362400
Rx 2.51147 1 1 3 1554 362400
Tx 2.51151 1 2 3 54 
Rx 2.5116 1 1 3 1554 487360
Rx 2.5116 1 1 3 1554 487360
Rx 2.5116 1 1 3 1554 487360
Rx 2.5116 1 1 3 1554 487360
Rx 2.5116 1 1 3 1554 487360
Rx 2.5116 1 1 3 1554 487360
Rx 2.5116 1 1 3 1554 487360
Rx 2.5116 1 1 3 1554 487360
Rx 2.5116 1 1 3 1554 487360
Rx 2.5116 1 1 3 1554 487360
Rx 2.5116 1 1 3 1554 487360
Rx 2.5116 1 1 3 1554 487360
Rx 2.5116 1 1 3 1554 487360
Rx 2.5116 1 1 3 1554 487360
Rx 2.5116 1 1 3 1554 487360
Rx 2.5116 1 1 3 1554 487360
Rx 2.5116 1 1 3 1554 487360
Rx 2.5116 1 1 3 1554 487360
Rx 2.5116 1 1 3 1554 487360
Rx 2.5116 1 1 3 1554 487360
Tx 2.51165 1 1 3 1554 
Tx 2.51165 1 1 3 1554 
Tx 2.51165 1 1 3 1554 
Tx 2.51165 1 1 3 1554 
Tx 2.51165 1 1 3 1554 
Tx 2.51165 1 1 3 1554 
Tx 2.51165 1 1 3 1554 
Tx 2.51165 1 1 3 1554 
Tx 2.51165 1 1 3 1554 
Tx 2.51165 1 1 3 1554 
Tx 2.51165 1 1 3 1554 
Tx 2.51165 1 1 3 1554 
Rx 2.5117 1 1 3 1554 587360
Rx 2.5117 1 1 3 1554 587360
Rx 2.5117 1 1 3 1554 587360
Rx 2.5117 1 1 3 1554 587360
Rx 2.5117 1 1 3 1554 587360
Rx 2.5117 1 1 3 1554 587360
Rx 2.5117 1 1 3 1554 587360
Rx 2.5117 1 1 3 1554 587360
Rx 2.5117 1 1 3 1554 587360
Rx 2.5117 1 1 3 1554 587360
Rx 2.5117 1 1 3 1554 587360
Rx 2.5117 1 1 3 1554 587360
Rx 2.5117 1 1 3 1554 587360
Rx 2.5117 1 1 3 1554 487360
Rx 2.51179 1 1 3 1554 583200
Rx 2.51182 1 2 3 54 379200
Rx 2.51182 1 2 3 54 379200
Rx 2.51182 1 2 3 54 379200
Rx 2.51182 1 2 3 54 379200
Rx 2.51182 1 2 3 54 379200
Rx 2.51182 1 2 3 54 379200
Rx 2.51182 1 2 3 54 379200
Rx 2.51182 1 2 3 54 308320
Tx 2.51194 1 2 3 54 
Tx 2.51194 1 2 3 54 
Tx 2.51194 1 2 3 54 
Tx 2.51194 1 2 3 54 
Tx 2.51194 1 2 3 54 
Tx 2.51194 1 2 3 54 
Tx 2.51194 1 2 3 54 
Tx 2.51194 1 2 3 54 
Tx 2.51194 1 2 3 54 
Tx 2.51194 1 2 3 54 
Tx 2.51205 1 2 3 54 
Tx 2.51205 1 2 3 54 
Tx 2.51205 1 2 3 54 
Tx 2.51205 1 2 3 54 
Tx 2.51205 1 2 3 54 
Tx 2.51205 1 2 3 54 
Tx 2.51205 1 2 3 54 
Tx 2.51205 1 2 3 54 
Tx 2.51205 1 2 3 54 
Tx 2.51205 1 2 3 54 
Tx 2.51205 1 2 3 54 
Tx 2.51215 1 2 3 54 
Tx 2.51215 1 2 3 54 
Tx 2.51215 1 2 3 54 
Tx 2.51215 1 2 3 54 
Tx 2.51215 1 2 3 54 
Tx 2.51215 1 2 3 54 
Tx 2.51215 1 2 3 54 
Tx 2.51215 1 2 3 54 
Tx 2.51215 1 2 3 54 
Tx 2.51215 1 2 3 54 
Tx 2.51215 1 2 3 54 
Tx 2.51215 1 2 3 54 
Tx 2.51231 1 1 3 1554 
Tx 2.51231 1 1 3 1554 
Tx 2.51231 1 1 3 1554 
Tx 2.51231 1 1 3 1554 
Tx 2.51231 1 1 3 1554 
Tx 2.51231 1 1 3 1554 
Tx 2.51231 1 1 3 1554 
Tx 2.51231 1 1 3 1554 
Tx 2.51231 1 1 3 1554 
Tx 2.51231 1 1 3 1554 
Tx 2.51231 1 1 3 1554 
Tx 2.51231 1 1 3 1554 
Tx 2.51231 1 1 3 1554 
Tx 2.51231 1 1 3 1554 
Rx 2.5124 1 2 3 54 454080
Rx 2.5124 1 2 3 54 454080
Rx 2.5124 1 2 3 54 454080
Rx 2.5124 1 2 3 54 454080
Rx 2.5124 1 2 3 54 454080
Rx 2.5124 1 2 3 54 454080
Rx 2.5124 1 2 3 54 454080
Rx 2.5124 1 2 3 54 454080
Rx 2.5124 1 2 3 54 454080
Rx 2.5124 1 2 3 54 454080
Rx 2.5124 1 2 3 54 345760
Rx 2.5124 1 2 3 54 345760
Rx 2.5124 1 2 3 54 345760
Rx 2.5124 1 2 3 54 345760
Rx 2.5124 1 2 3 54 345760
Rx 2.5124 1 2 3 54 345760
Rx 2.5124 1 2 3 54 345760
Rx 2.5124 1 2 3 54 345760
Rx 2.5124 1 2 3 54 345760
Rx 2.5124 1 2 3 54 345760
Rx 2.5124 1 2 3 54 345760
Rx 2.5124 1 2 3 54 245760
Rx 2.5124 1 2 3 54 245760
Rx 2.5124 1 2 3 54 245760
Rx 2.5124 1 2 3 54 245760
Rx 2.5124 1 2 3 54 245760
Rx 2.5124 1 2 3 54 245760
Rx 2.5124 1 2 3 54 245760
Rx 2.5124 1 2 3 54 245760
Rx 2.5124 1 2 3 54 245760
Rx 2.5124 1 2 3 54 245760
Rx 2.5124 1 2 3 54 245760
Rx 2.5124 1 2 3 54 245760
Rx 2.51257 1 1 3 1554 920800
Rx 2.51257 1 1 3 1554 920800
Rx 2.51257 1 1 3 1554 920800
Rx 2.51257 1 1 3 1554 920800
Rx 2.51257 1 1 3 1554 920800
Rx 2.51257 1 1 3 1554 920800
Rx 2.51257 1 1 3 1554 920800
Rx 2.51257 1 1 3 1554 920800
Rx 2.51257 1 1 3 1554 920800
Rx 2.51257 1 1 3 1554 920800
Rx 2.51257 1 1 3 1554 920800
Rx 2.51257 1 1 3 1554 920800
Rx 2.51257 1 1 3 1554 258240
Rx 2.51257 1 1 3 1554 258240
Tx 2.51261 1 1 3 1554 
Tx 2.51261 1 1 3 1554 
Tx 2.51261 1 1 3 1554 
Tx 2.51261 1 1 3 1554 
Tx 2.51261 1 1 3 1554 
Tx 2.51261 1 1 3 1554 
Tx 2.51261 1 1 3 1554 
Tx 2.51261 1 1 3 1554 
Tx 2.51261 1 1 3 1554 
Tx 2.51261 1 1 3 1554 
Tx 2.51261 1 1 3 1554 
Tx 2.51261 1 1 3 1554 
Tx 2.51261 1 1 3 1554 
Tx 2.51261 1 1 3 1554 
Tx 2.51261 1 1 3 1554 
Tx 2.51261 1 1 3 1554 
Tx 2.51261 1 1 3 1554 
Tx 2.51261 1 1 3 1554 
Tx 2.51261 1 1 3 1554 
Tx 2.51261 1 1 3 1554 
Tx 2.51261 1 1 3 1554 
Tx 2.51261 1 1 3 1554 
Tx 2.51261 1 1 3 1554 
Tx 2.51261 1 1 3 1554 
Tx 2.51261 1 1 3 1554 
Tx 2.51261 1 1 3 1554 
Tx 2.51261 1 1 3 1554 
Tx 2.51261 1 1 3 1554 
Tx 2.51261 1 1 3 1554 
Tx 2.51261 1 1 3 1554 
Tx 2.51261 1 1 3 1554 
Tx 2.51261 1 1 3 1554 
Tx 2.51261 1 1 3 1554 
Tx 2.51261 1 1 3 1554 
Tx 2.51261 1 1 3 1554 
Tx 2.51261 1 1 3 1554 
Tx 2.51261 1 1 3 1554 
Tx 2.51261 1 1 3 1554 
Tx 2.51261 1 1 3 1554 
Tx 2.51261 1 1 3 1554 
Tx 2.51261 1 1 3 1554 
Tx 2.51261 1 1 3 1554 
Tx 2.51261 1 1 3 1554 
Tx 2.51261 1 1 3 1554 
Tx 2.51261 1 1 3 1554 
Tx 2.51261 1 1 3 1554 
Tx 2.51261 1 1 3 1554 
Tx 2.51261 1 1 3 1554 
Tx 2.51261 1 1 3 1554 
Tx 2.51261 1 1 3 1554 
Tx 2.51261 1 1 3 1554 
Tx 2.51261 1 1 3 1554 
Tx 2.51261 1 1 3 1554 
Tx 2.51261 1 1 3 1554 
Tx 2.51261 1 1 3 1554 
Tx 2.51261 1 1 3 1554 
Tx 2.51261 1 1 3 1554 
Tx 2.51261 1 1 3 1554 
Rx 2.51266 1 1 3 1554 345760
Rx 2.51266 1 1 3 1554 345760
Rx 2.51266 1 1 3 1554 345760
Rx 2.51266 1 1 3 1554 345760
Rx 2.51266 1 1 3 1554 345760
Rx 2.51266 1 1 3 1554 345760
Rx 2.51266 1 1 3 1554 345760
Rx 2.51266 1 1 3 1554 345760
Rx 2.51266 1 1 3 1554 345760
Rx 2.51266 1 1 3 1554 345760
Rx 2.51266 1 1 3 1554 345760
Rx 2.51266 1 1 3 1554 345760
Tx 2.51271 1 1 3 1554 
Tx 2.51271 1 1 3 1554 
Tx 2.51271 1 1 3 1554 
Tx 2.51271 1 1 3 1554 
Tx 2.51271 1 1 3 1554 
Tx 2.51271 1 1 3 1554 
Tx 2.51271 1 1 3 1554 
Tx 2.51271 1 1 3 1554 
Tx 2.51271 1 1 3 1554 
Tx 2.51271 1 1 3 1554 
Tx 2.51286 1 2 3 54 
Tx 2.51286 1 2 3 54 
Tx 2.51286 1 2 3 54 
Tx 2.51286 1 2 3 54 
Tx 2.51286 1 2 3 54 
Tx 2.51286 1 2 3 54 
Tx 2.51286 1 2 3 54 
Tx 2.51286 1 2 3 54 
Tx 2.51286 1 2 3 54 
Tx 2.51286 1 2 3 54 
Tx 2.51286 1 2 3 54 
Tx 2.51296 1 2 3 54 
Tx 2.51296 1 2 3 54 
Tx 2.51296 1 2 3 54 
Tx 2.51296 1 2 3 54 
Tx 2.51296 1 2 3 54 
Tx 2.51296 1 2 3 54 
Tx 2.51296 1 2 3 54 
Tx 2.51296 1 2 3 54 
Tx 2.51296 1 2 3 54 
Tx 2.51296 1 2 3 54 
Tx 2.51296 1 2 3 54 
Tx 2.51296 1 2 3 54 
Rx 2.513 1 1 3 1554 387360
Rx 2.513 1 1 3 1554 387360
Rx 2.513 1 1 3 1554 387360
Rx 2.513 1 1 3 1554 387360
Rx 2.513 1 1 3 1554 387360
Rx 2.513 1 1 3 1554 387360
Rx 2.513 1 1 3 1554 387360
Rx 2.513 1 1 3 1554 387360
Rx 2.513 1 1 3 1554 387360
Rx 2.513 1 1 3 1554 387360
Rx 2.513 1 1 3 1554 387360
Tx 2.51305 1 2 3 54 
Tx 2.51305 1 2 3 54 
Tx 2.51305 1 2 3 54 
Tx 2.51305 1 2 3 54 
Tx 2.51305 1 2 3 54 
Tx 2.51305 1 2 3 54 
Tx 2.51305 1 2 3 54 
Tx 2.51305 1 2 3 54 
Tx 2.51305 1 2 3 54 
Tx 2.51305 1 2 3 54 
Tx 2.51305 1 2 3 54 
Tx 2.51312 1 2 3 54 
Tx 2.51312 1 2 3 54 
Tx 2.51312 1 2 3 54 
Rx 2.5132 1 1 3 1554 587360
Rx 2.5132 1 1 3 1554 587360
Rx 2.5132 1 1 3 1554 587360
Rx 2.5132 1 1 3 1554 587360
Rx 2.5132 1 1 3 1554 587360
Rx 2.5132 1 1 3 1554 587360
Rx 2.5132 1 1 3 1554 587360
Rx 2.5132 1 1 3 1554 587360
Rx 2.5132 1 1 3 1554 587360
Rx 2.5132 1 1 3 1554 587360
Rx 2.5132 1 1 3 1554 587360
Rx 2.5132 1 1 3 1554 587360
Rx 2.5132 1 1 3 1554 587360
Rx 2.5132 1 1 3 1554 587360
Rx 2.5132 1 1 3 1554 587360
Rx 2.5132 1 1 3 1554 587360
Rx 2.5132 1 1 3 1554 587360
Rx 2.5132 1 1 3 1554 587360
Rx 2.5132 1 1 3 1554 587360
Rx 2.5133 1 1 3 1554 687360
Rx 2.5133 1 1 3 1554 687360
Rx 2.5133 1 1 3 1554 687360
Rx 2.5133 1 1 3 1554 687360
Rx 2.5133 1 1 3 1554 687360
Rx 2.5133 1 1 3 1554 687360
Rx 2.5133 1 1 3 1554 687360
Rx 2.5133 1 1 3 1554 687360
Rx 2.5133 1 1 3 1554 687360
Rx 2.5133 1 1 3 1554 687360
Rx 2.5133 1 1 3 1554 687360
Rx 2.5133 1 1 3 1554 687360
Rx 2.51339 1 1 3 1554 774880
Rx 2.51339 1 1 3 1554 774880
Rx 2.51339 1 1 3 1554 774880
Rx 2.51339 1 1 3 1554 774880
Rx 2.51339 1 1 3 1554 774880
Rx 2.51339 1 1 3 1554 774880
Rx 2.51339 1 1 3 1554 774880
Rx 2.51339 1 1 3 1554 774880
Rx 2.51339 1 1 3 1554 774880
Rx 2.51339 1 1 3 1554 774880
Rx 2.51339 1 2 3 54 537440
Rx 2.51339 1 2 3 54 537440
Rx 2.51339 1 2 3 54 537440
Rx 2.51339 1 2 3 54 537440
Rx 2.51339 1 2 3 54 537440
Rx 2.51339 1 2 3 54 537440
Rx 2.51339 1 2 3 54 537440
Rx 2.51339 1 2 3 54 537440
Rx 2.51339 1 2 3 54 537440
Rx 2.51339 1 2 3 54 537440
Rx 2.51339 1 2 3 54 537440
Rx 2.51339 1 2 3 54 437440
Rx 2.51339 1 2 3 54 437440
Rx 2.51339 1 2 3 54 437440
Rx 2.51339 1 2 3 54 437440
Rx 2.51339 1 2 3 54 437440
Rx 2.51339 1 2 3 54 437440
Rx 2.51339 1 2 3 54 437440
Rx 2.51339 1 2 3 54 437440
Rx 2.51339 1 2 3 54 437440
Rx 2.51339 1 2 3 54 437440
Rx 2.51339 1 2 3 54 437440
Rx 2.51339 1 2 3 54 437440
Rx 2.51339 1 2 3 54 341600
Rx 2.51339 1 2 3 54 341600
Rx 2.51339 1 2 3 54 341600
Rx 2.51339 1 2 3 54 341600
Rx 2.51339 1 2 3 54 341600
Rx 2.51339 1 2 3 54 341600
Rx 2.51339 1 2 3 54 341600
Rx 2.51339 1 2 3 54 341600
Rx 2.51339 1 2 3 54 341600
Rx 2.51339 1 2 3 54 341600
Rx 2.51339 1 2 3 54 341600
Rx 2.51339 1 2 3 54 274880
Rx 2.51339 1 2 3 54 274880
Rx 2.51339 1 2 3 54 274880
Rx 2.51349 1 1 3 1554 874880
Rx 2.51349 1 1 3 1554 874880
Rx 2.51349 1 1 3 1554 874880
Rx 2.51349 1 1 3 1554 874880
Rx 2.51349 1 1 3 1554 874880
Rx 2.51349 1 1 3 1554 874880
Rx 2.51349 1 1 3 1554 774880
Rx 2.51349 1 1 3 1554 774880
Rx 2.51349 1 1 3 1554 774880
Rx 2.51349 1 1 3 1554 774880
Rx 2.51349 1 1 3 1554 774880
Rx 2.51349 1 1 3 1554 774880
Rx 2.5136 1 1 3 1554 887360
Rx 2.5136 1 1 3 1554 887360
Rx 2.5136 1 1 3 1554 887360
Rx 2.5136 1 1 3 1554 887360
Tx 2.51368 1 1 3 1554 
Tx 2.51368 1 1 3 1554 
Tx 2.51368 1 1 3 1554 
Tx 2.51368 1 1 3 1554 
Tx 2.51368 1 1 3 1554 
Tx 2.51368 1 1 3 1554 
Tx 2.51368 1 1 3 1554 
Tx 2.51368 1 1 3 1554 
Tx 2.51368 1 1 3 1554 
Tx 2.51368 1 1 3 1554 
Tx 2.51368 1 1 3 1554 
Tx 2.51368 1 1 3 1554 
Tx 2.51368 1 1 3 1554 
Tx 2.51368 1 1 3 1554 
Tx 2.51368 1 1 3 1554 
Tx 2.51368 1 1 3 1554 
Tx 2.51368 1 1 3 1554 
Tx 2.51368 1 1 3 1554 
Tx 2.51371 1 1 3 1554 
Tx 2.51371 1 1 3 1554 
Tx 2.51371 1 1 3 1554 
Tx 2.51371 1 1 3 1554 
Tx 2.51371 1 1 3 1554 
Tx 2.51371 1 1 3 1554 
Tx 2.51371 1 1 3 1554 
Tx 2.51371 1 1 3 1554 
Tx 2.51371 1 1 3 1554 
Tx 2.51371 1 1 3 1554 
Tx 2.51371 1 1 3 1554 
Tx 2.51371 1 1 3 1554 
Tx 2.51371 1 1 3 1554 
Tx 2.51371 1 1 3 1554 
Tx 2.51371 1 1 3 1554 
Tx 2.51371 1 1 3 1554 
Tx 2.51371 1 1 3 1554 
Tx 2.51371 1 1 3 1554 
Tx 2.51371 1 1 3 1554 
Tx 2.51371 1 1 3 1554 
Tx 2.51371 1 1 3 1554 
Tx 2.51371 1 1 3 1554 
Tx 2.51371 1 1 3 1554 
Tx 2.51371 1 1 3 1554 
Tx 2.51371 1 1 3 1554 
Tx 2.51371 1 1 3 1554 
Tx 2.51371 1 1 3 1554 
Tx 2.51371 1 1 3 1554 
Tx 2.51371 1 1 3 1554 
Tx 2.51371 1 1 3 1554 
Tx 2.51371 1 1 3 1554 
Tx 2.51371 1 1 3 1554 
Tx 2.51371 1 1 3 1554 
Tx 2.51371 1 1 3 1554 
Tx 2.51371 1 1 3 1554 
Tx 2.51371 1 1 3 1554 
Tx 2.51371 1 1 3 1554 
Tx 2.51371 1 1 3 1554 
Tx 2.51371 1 1 3 1554 
Tx 2.51371 1 1 3 1554 
Tx 2.51371 1 1 3 1554 
Tx 2.51371 1 1 3 1554 
Tx 2.51371 1 1 3 1554 
Tx 2.51371 1 1 3 1554 
Tx 2.51371 1 1 3 1554 
Tx 2.51371 1 1 3 1554 
Tx 2.51371 1 1 3 1554 
Tx 2.51371 1 1 3 1554 
Tx 2.51371 1 1 3 1554 
Tx 2.51371 1 1 3 1554 
Tx 2.51371 1 1 3 1554 
Tx 2.51371 1 1 3 1554 
Tx 2.51371 1 1 3 1554 
Tx 2.51371 1 1 3 1554 
Tx 2.51375 1 2 3 54 
Tx 2.51375 1 2 3 54 
Tx 2.51375 1 2 3 54 
Tx 2.51375 1 2 3 54 
Tx 2.51375 1 2 3 54 
Tx 2.51375 1 2 3 54 
Tx 2.51375 1 2 3 54 
Tx 2.51375 1 2 3 54 
Tx 2.51375 1 2 3 54 
Tx 2.51375 1 2 3 54 
Tx 2.51375 1 2 3 54 
Tx 2.51384 1 2 3 54 
Tx 2.51384 1 2 3 54 
Tx 2.51384 1 2 3 54 
Tx 2.51384 1 2 3 54 
Tx 2.51384 1 2 3 54 
Tx 2.51384 1 2 3 54 
Tx 2.51384 1 2 3 54 
Tx 2.51384 1 2 3 54 
Tx 2.51384 1 2 3 54 
Tx 2.51384 1 2 3 54 
Tx 2.51385 1 1 3 1554 
Tx 2.51385 1 1 3 1554 
Tx 2.51394 1 2 3 54 
Tx 2.51394 1 2 3 54 
Tx 2.51394 1 2 3 54 
Tx 2.51394 1 2 3 54 
Tx 2.51394 1 2 3 54 
Tx 2.51394 1 2 3 54 
Tx 2.51394 1 2 3 54 
Tx 2.51394 1 2 3 54 
Tx 2.51394 1 2 3 54 
Tx 2.51394 1 2 3 54 
Tx 2.51394 1 2 3 54 
Tx 2.51404 1 2 3 54 
Tx 2.51404 1 2 3 54 
Tx 2.51404 1 2 3 54 
Tx 2.51404 1 2 3 54 
Tx 2.51404 1 2 3 54 
Tx 2.51404 1 2 3 54 
Tx 2.51404 1 2 3 54 
Tx 2.51404 1 2 3 54 
Tx 2.51404 1 2 3 54 
Tx 2.51404 1 2 3 54 
Tx 2.51414 1 2 3 54 
Tx 2.51414 1 2 3 54 
Tx 2.51414 1 2 3 54 
Tx 2.51414 1 2 3 54 
Tx 2.51414 1 2 3 54 
Tx 2.51414 1 2 3 54 
Tx 2.51414 1 2 3 54 
Tx 2.51414 1 2 3 54 
Tx 2.51414 1 2 3 54 
Rx 2.5142 1 1 3 1554 516640
Rx 2.5142 1 1 3 1554 516640
Rx 2.5142 1 1 3 1554 516640
Rx 2.5142 1 1 3 1554 516640
Rx 2.5142 1 1 3 1554 516640
Rx 2.5142 1 1 3 1554 516640
Rx 2.5142 1 1 3 1554 516640
Rx 2.5142 1 1 3 1554 516640
Rx 2.5142 1 1 3 1554 516640
Rx 2.5142 1 1 3 1554 516640
Rx 2.5142 1 1 3 1554 516640
Rx 2.5142 1 1 3 1554 516640
Rx 2.51426 1 2 3 54 504160
Rx 2.51426 1 2 3 54 504160
Rx 2.51426 1 2 3 54 504160
Rx 2.51426 1 2 3 54 504160
Rx 2.51426 1 2 3 54 504160
Rx 2.51426 1 2 3 54 504160
Rx 2.51426 1 2 3 54 504160
Rx 2.51426 1 2 3 54 504160
Rx 2.51426 1 2 3 54 504160
Rx 2.51426 1 2 3 54 504160
Rx 2.51426 1 2 3 54 504160
Rx 2.51426 1 2 3 54 412480
Rx 2.51426 1 2 3 54 412480
Rx 2.51426 1 2 3 54 412480
Rx 2.51426 1 2 3 54 412480
Rx 2.51426 1 2 3 54 412480
Rx 2.51426 1 2 3 54 412480
Rx 2.51426 1 2 3 54 412480
Rx 2.51426 1 2 3 54 412480
Rx 2.51426 1 2 3 54 412480
Rx 2.51426 1 2 3 54 412480
Rx 2.51426 1 2 3 54 312480
Rx 2.51426 1 2 3 54 312480
Rx 2.51426 1 2 3 54 312480
Rx 2.51426 1 2 3 54 312480
Rx 2.51426 1 2 3 54 312480
Rx 2.51426 1 2 3 54 312480
Rx 2.51426 1 2 3 54 312480
Rx 2.51426 1 2 3 54 312480
Rx 2.51426 1 2 3 54 312480
Rx 2.51426 1 2 3 54 312480
Rx 2.51426 1 2 3 54 312480
Rx 2.51426 1 2 3 54 212480
Rx 2.51426 1 2 3 54 212480
Rx 2.51426 1 2 3 54 212480
Rx 2.51426 1 2 3 54 212480
Rx 2.51426 1 2 3 54 212480
Rx 2.51426 1 2 3 54 212480
Rx 2.51426 1 2 3 54 212480
Rx 2.51426 1 2 3 54 212480
Rx 2.51426 1 2 3 54 212480
Rx 2.51426 1 2 3 54 212480
Rx 2.5143 1 1 3 1554 616640
Rx 2.5143 1 1 3 1554 616640
Rx 2.5143 1 1 3 1554 616640
Rx 2.5143 1 1 3 1554 616640
Rx 2.5143 1 1 3 1554 616640
Rx 2.5143 1 1 3 1554 616640
Rx 2.5143 1 1 3 1554 587360
Rx 2.5143 1 1 3 1554 587360
Rx 2.5143 1 1 3 1554 587360
Rx 2.5143 1 1 3 1554 587360
Rx 2.5143 1 1 3 1554 587360
Rx 2.5143 1 1 3 1554 587360
Tx 2.51434 1 2 3 54 
Tx 2.51434 1 2 3 54 
Tx 2.51434 1 2 3 54 
Tx 2.51434 1 2 3 54 
Tx 2.51434 1 2 3 54 
Tx 2.51434 1 2 3 54 
Tx 2.51434 1 2 3 54 
Rx 2.51439 1 1 3 1554 674880
Rx 2.51439 1 1 3 1554 674880
Rx 2.51439 1 1 3 1554 674880
Rx 2.51439 1 1 3 1554 674880
Rx 2.51439 1 1 3 1554 674880
Rx 2.51439 1 1 3 1554 674880
Rx 2.51439 1 1 3 1554 674880
Rx 2.51439 1 1 3 1554 674880
Rx 2.51439 1 1 3 1554 674880
Rx 2.51439 1 1 3 1554 674880
Rx 2.51439 1 1 3 1554 674880
Rx 2.51439 1 1 3 1554 674880
Tx 2.51444 1 2 3 54 
Tx 2.51444 1 2 3 54 
Tx 2.51444 1 2 3 54 
Tx 2.51444 1 2 3 54 
Tx 2.51444 1 2 3 54 
Tx 2.51444 1 2 3 54 
Tx 2.51444 1 2 3 54 
Tx 2.51444 1 2 3 54 
Tx 2.51444 1 2 3 54 
Rx 2.5145 1 1 3 1554 787360
Rx 2.5145 1 1 3 1554 787360
Rx 2.5145 1 1 3 1554 787360
Rx 2.5145 1 1 3 1554 787360
Rx 2.5145 1 1 3 1554 787360
Rx 2.5145 1 1 3 1554 787360
Rx 2.5145 1 1 3 1554 787360
Rx 2.5145 1 1 3 1554 787360
Rx 2.5145 1 1 3 1554 787360
Rx 2.5145 1 1 3 1554 787360
Tx 2.51455 1 2 3 54 
Tx 2.51455 1 2 3 54 
Tx 2.51455 1 2 3 54 
Tx 2.51455 1 2 3 54 
Tx 2.51455 1 2 3 54 
Tx 2.51455 1 2 3 54 
Tx 2.51455 1 2 3 54 
Tx 2.51455 1 2 3 54 
Tx 2.51455 1 2 3 54 
Tx 2.51455 1 2 3 54 
Tx 2.51455 1 2 3 54 
Rx 2.51459 1 1 3 1554 879040
Rx 2.51459 1 1 3 1554 879040
Rx 2.51459 1 1 3 1554 879040
Rx 2.51459 1 1 3 1554 879040
Rx 2.51459 1 1 3 1554 879040
Rx 2.51459 1 1 3 1554 879040
Rx 2.51459 1 1 3 1554 879040
Rx 2.51459 1 1 3 1554 879040
Rx 2.51459 1 1 3 1554 879040
Rx 2.51459 1 1 3 1554 879040
Rx 2.51459 1 1 3 1554 879040
Tx 2.51465 1 2 3 54 
Tx 2.51465 1 2 3 54 
Tx 2.51465 1 2 3 54 
Tx 2.51465 1 2 3 54 
Tx 2.51465 1 2 3 54 
Tx 2.51465 1 2 3 54 
Tx 2.51465 1 2 3 54 
Tx 2.51465 1 2 3 54 
Tx 2.51465 1 2 3 54 
Tx 2.51465 1 2 3 54 
Tx 2.51465 1 2 3 54 
Rx 2.51469 1 1 3 1554 979040
Rx 2.51469 1 1 3 1554 979040
Rx 2.51469 1 1 3 1554 979040
Rx 2.51469 1 1 3 1554 979040
Rx 2.51469 1 1 3 1554 979040
Rx 2.51469 1 1 3 1554 979040
Rx 2.51469 1 1 3 1554 979040
Rx 2.51469 1 1 3 1554 979040
Rx 2.51469 1 1 3 1554 979040
Rx 2.51469 1 1 3 1554 979040
Rx 2.51469 1 1 3 1554 979040
Rx 2.5147 1 2 3 54 558240
Rx 2.5147 1 2 3 54 558240
Rx 2.5147 1 2 3 54 558240
Rx 2.5147 1 2 3 54 558240
Rx 2.5147 1 2 3 54 558240
Rx 2.5147 1 2 3 54 558240
Rx 2.5147 1 2 3 54 558240
Rx 2.5147 1 2 3 54 558240
Rx 2.5147 1 2 3 54 558240
Rx 2.5147 1 2 3 54 358240
Rx 2.5147 1 2 3 54 358240
Rx 2.5147 1 2 3 54 358240
Rx 2.5147 1 2 3 54 358240
Rx 2.5147 1 2 3 54 358240
Rx 2.5147 1 2 3 54 358240
Rx 2.5147 1 2 3 54 358240
Rx 2.5147 1 2 3 54 254080
Rx 2.5147 1 2 3 54 254080
Rx 2.5147 1 2 3 54 254080
Rx 2.5147 1 2 3 54 254080
Rx 2.5147 1 2 3 54 254080
Rx 2.5147 1 2 3 54 254080
Rx 2.5147 1 2 3 54 254080
Rx 2.5147 1 2 3 54 254080
Rx 2.5147 1 2 3 54 254080
Tx 2.51475 1 2 3 54 
Tx 2.51475 1 2 3 54 
Tx 2.51475 1 2 3 54 
Tx 2.51475 1 2 3 54 
Tx 2.51475 1 2 3 54 
Tx 2.51475 1 2 3 54 
Tx 2.51475 1 2 3 54 
Tx 2.51475 1 2 3 54 
Tx 2.51475 1 2 3 54 
Tx 2.51475 1 2 3 54 
Tx 2.51475 1 2 3 54 
Tx 2.51475 1 2 3 54 
Rx 2.51479 1 1 3 1554 1083200
Rx 2.51479 1 1 3 1554 1083200
Rx 2.51479 1 1 3 1554 1083200
Rx 2.51479 1 1 3 1554 1083200
Rx 2.51479 1 1 3 1554 945760
Rx 2.51479 1 1 3 1554 945760
Tx 2.51486 1 2 3 54 
Tx 2.51486 1 2 3 54 
Tx 2.51486 1 2 3 54 
Tx 2.51486 1 2 3 54 
Tx 2.51486 1 2 3 54 
Tx 2.51486 1 2 3 54 
Tx 2.51486 1 2 3 54 
Tx 2.51486 1 2 3 54 
Tx 2.51486 1 2 3 54 
Tx 2.51486 1 2 3 54 
Tx 2.51486 1 2 3 54 
Tx 2.51486 1 2 3 54 
Tx 2.51486 1 2 3 54 
Tx 2.51486 1 2 3 54 
Tx 2.51486 1 2 3 54 
Tx 2.51486 1 2 3 54 
Tx 2.51494 1 2 3 54 
Tx 2.51494 1 2 3 54 
Tx 2.51494 1 2 3 54 
Tx 2.51494 1 2 3 54 
Tx 2.51494 1 2 3 54 
Tx 2.51494 1 2 3 54 
Tx 2.51494 1 2 3 54 
Tx 2.51494 1 2 3 54 
Tx 2.51494 1 2 3 54 
Tx 2.51494 1 2 3 54 
Tx 2.51502 1 1 3 1554 
Tx 2.51502 1 1 3 1554 
Tx 2.51502 1 1 3 1554 
Tx 2.51502 1 1 3 1554 
Tx 2.51502 1 1 3 1554 
Tx 2.51502 1 1 3 1554 
Tx 2.51502 1 1 3 1554 
Tx 2.51502 1 1 3 1554 
Tx 2.51502 1 1 3 1554 
Tx 2.51502 1 1 3 1554 
Tx 2.51502 1 1 3 1554 
Tx 2.51502 1 1 3 1554 
Tx 2.51502 1 1 3 1554 
Tx 2.51502 1 1 3 1554 
Tx 2.51502 1 1 3 1554 
Tx 2.51502 1 1 3 1554 
Tx 2.51502 1 1 3 1554 
Tx 2.51502 1 1 3 1554 
Tx 2.51502 1 1 3 1554 
Tx 2.51502 1 1 3 1554 
Tx 2.51502 1 1 3 1554 
Tx 2.51502 1 1 3 1554 
Tx 2.51502 1 1 3 1554 
Tx 2.51502 1 1 3 1554 
Tx 2.51502 1 1 3 1554 
Tx 2.51502 1 1 3 1554 
Tx 2.51502 1 1 3 1554 
Tx 2.51502 1 1 3 1554 
Tx 2.51502 1 1 3 1554 
Tx 2.51502 1 1 3 1554 
Tx 2.51502 1 1 3 1554 
Tx 2.51502 1 1 3 1554 
Tx 2.51502 1 1 3 1554 
Tx 2.51502 1 1 3 1554 
Tx 2.51502 1 1 3 1554 
Tx 2.51502 1 1 3 1554 
Tx 2.51502 1 1 3 1554 
Tx 2.51502 1 1 3 1554 
Tx 2.51502 1 1 3 1554 
Tx 2.51502 1 1 3 1554 
Tx 2.51502 1 1 3 1554 
Tx 2.51502 1 1 3 1554 
Tx 2.51502 1 1 3 1554 
Tx 2.51502 1 1 3 1554 
Tx 2.51502 1 1 3 1554 
Tx 2.51502 1 1 3 1554 
Tx 2.51502 1 1 3 1554 
Tx 2.51502 1 1 3 1554 
Tx 2.51502 1 1 3 1554 
Tx 2.51502 1 1 3 1554 
Tx 2.51502 1 1 3 1554 
Tx 2.51502 1 1 3 1554 
Tx 2.51502 1 1 3 1554 
Tx 2.51502 1 1 3 1554 
Tx 2.51502 1 1 3 1554 
Tx 2.51502 1 1 3 1554 
Tx 2.51502 1 1 3 1554 
Tx 2.51502 1 1 3 1554 
Tx 2.51502 1 1 3 1554 
Tx 2.51502 1 1 3 1554 
Tx 2.51502 1 1 3 1554 
Tx 2.51502 1 1 3 1554 
Tx 2.51502 1 1 3 1554 
Tx 2.51502 1 1 3 1554 
Tx 2.51502 1 1 3 1554 
Tx 2.51502 1 1 3 1554 
Tx 2.51502 1 1 3 1554 
Tx 2.51502 1 1 3 1554 
Tx 2.51502 1 1 3 1554 
Tx 2.51502 1 1 3 1554 
Tx 2.51502 1 1 3 1554 
Tx 2.51502 1 1 3 1554 
Tx 2.51502 1 1 3 1554 
Tx 2.51502 1 1 3 1554 
Tx 2.51502 1 1 3 1554 
Tx 2.51502 1 1 3 1554 
Tx 2.51502 1 1 3 1554 
Tx 2.51502 1 1 3 1554 
Tx 2.51502 1 1 3 1554 
Tx 2.51502 1 1 3 1554 
Tx 2.51502 1 1 3 1554 
Tx 2.51502 1 1 3 1554 
Tx 2.51502 1 1 3 1554 
Tx 2.51502 1 1 3 1554 
Tx 2.51502 1 1 3 1554 
Tx 2.51502 1 1 3 1554 
Tx 2.51502 1 1 3 1554 
Tx 2.51502 1 1 3 1554 
Tx 2.51502 1 1 3 1554 
Tx 2.51502 1 1 3 1554 
Tx 2.51502 1 1 3 1554 
Tx 2.51502 1 1 3 1554 
Tx 2.51502 1 1 3 1554 
Tx 2.51502 1 1 3 1554 
Tx 2.51502 1 1 3 1554 
Tx 2.51502 1 1 3 1554 
Tx 2.51502 1 1 3 1554 
Tx 2.51502 1 1 3 1554 
Tx 2.51502 1 1 3 1554 
Tx 2.51502 1 1 3 1554 
Tx 2.51502 1 1 3 1554 
Tx 2.51502 1 1 3 1554 
Tx 2.51502 1 1 3 1554 
Tx 2.51502 1 1 3 1554 
Tx 2.51502 1 1 3 1554 
Tx 2.51502 1 1 3 1554 
Tx 2.51502 1 1 3 1554 
Tx 2.51502 1 1 3 1554 
Tx 2.51502 1 1 3 1554 
Tx 2.51502 1 1 3 1554 
Tx 2.51502 1 1 3 1554 
Tx 2.51502 1 1 3 1554 
Tx 2.51502 1 1 3 1554 
Tx 2.51502 1 1 3 1554 
Tx 2.51502 1 1 3 1554 
Tx 2.51502 1 1 3 1554 
Tx 2.51502 1 1 3 1554 
Tx 2.51502 1 1 3 1554 
Tx 2.51502 1 1 3 1554 
Tx 2.51502 1 1 3 1554 
Tx 2.51502 1 1 3 1554 
Tx 2.51502 1 1 3 1554 
Tx 2.51502 1 1 3 1554 
Tx 2.51502 1 1 3 1554 
Tx 2.51502 1 1 3 1554 
Tx 2.51502 1 1 3 1554 
Tx 2.51502 1 1 3 1554 
Tx 2.51502 1 1 3 1554 
Tx 2.51502 1 1 3 1554 
Tx 2.51502 1 1 3 1554 
Tx 2.51505 1 2 3 54 
Tx 2.51505 1 2 3 54 
Tx 2.51505 1 2 3 54 
Tx 2.51505 1 2 3 54 
Tx 2.51505 1 2 3 54 
Tx 2.51505 1 2 3 54 
Tx 2.51505 1 2 3 54 
Tx 2.51505 1 2 3 54 
Tx 2.51505 1 2 3 54 
Rx 2.51509 1 2 3 54 541600
Rx 2.51509 1 2 3 54 541600
Rx 2.51509 1 2 3 54 541600
Rx 2.51509 1 2 3 54 541600
Rx 2.51509 1 2 3 54 541600
Rx 2.51509 1 2 3 54 541600
Rx 2.51509 1 2 3 54 541600
Rx 2.51509 1 2 3 54 541600
Rx 2.51509 1 2 3 54 541600
Rx 2.51509 1 2 3 54 541600
Rx 2.51509 1 2 3 54 541600
Rx 2.51509 1 2 3 54 445760
Rx 2.51509 1 2 3 54 445760
Rx 2.51509 1 2 3 54 445760
Rx 2.51509 1 2 3 54 445760
Rx 2.51509 1 2 3 54 445760
Rx 2.51509 1 2 3 54 445760
Rx 2.51509 1 2 3 54 445760
Rx 2.51509 1 2 3 54 445760
Rx 2.51509 1 2 3 54 445760
Rx 2.51509 1 2 3 54 445760
Rx 2.51509 1 2 3 54 445760
Rx 2.51509 1 2 3 54 345760
Rx 2.51509 1 2 3 54 345760
Rx 2.51509 1 2 3 54 345760
Rx 2.51509 1 2 3 54 345760
Rx 2.51509 1 2 3 54 345760
Rx 2.51509 1 2 3 54 345760
Rx 2.51509 1 2 3 54 345760
Rx 2.51509 1 2 3 54 345760
Rx 2.51509 1 2 3 54 345760
Rx 2.51509 1 2 3 54 345760
Rx 2.51509 1 2 3 54 345760
Rx 2.51509 1 2 3 54 345760
Rx 2.51509 1 2 3 54 229120
Rx 2.51509 1 2 3 54 229120
Rx 2.51509 1 2 3 54 229120
Rx 2.51509 1 2 3 54 229120
Rx 2.51509 1 2 3 54 229120
Rx 2.51509 1 2 3 54 229120
Rx 2.51509 1 2 3 54 229120
Rx 2.51509 1 2 3 54 229120
Rx 2.51509 1 2 3 54 229120
Rx 2.51509 1 2 3 54 229120
Rx 2.51509 1 2 3 54 229120
Rx 2.51509 1 2 3 54 229120
Rx 2.51509 1 2 3 54 229120
Rx 2.51509 1 2 3 54 229120
Rx 2.51509 1 2 3 54 229120
Rx 2.51509 1 2 3 54 229120
Tx 2.51511 1 1 3 1554 
Tx 2.51511 1 1 3 1554 
Tx 2.51511 1 1 3 1554 
Tx 2.51511 1 1 3 1554 
Tx 2.51513 1 2 3 54 
Tx 2.51513 1 2 3 54 
Tx 2.51513 1 2 3 54 
Tx 2.51513 1 2 3 54 
Tx 2.51513 1 2 3 54 
Tx 2.51513 1 2 3 54 
Tx 2.51541 1 1 3 1554 
Tx 2.51541 1 1 3 1554 
Tx 2.51541 1 1 3 1554 
Tx 2.51541 1 1 3 1554 
Tx 2.51541 1 1 3 1554 
Tx 2.51541 1 1 3 1554 
Tx 2.51541 1 1 3 1554 
Tx 2.51541 1 1 3 1554 
Tx 2.51541 1 1 3 1554 
Tx 2.51541 1 1 3 1554 
Tx 2.51541 1 1 3 1554 
Tx 2.51541 1 1 3 1554 
Tx 2.51541 1 1 3 1554 
Tx 2.51541 1 1 3 1554 
Tx 2.51541 1 1 3 1554 
Tx 2.51541 1 1 3 1554 
Tx 2.51541 1 1 3 1554 
Tx 2.51541 1 1 3 1554 
Tx 2.51541 1 1 3 1554 
Tx 2.51541 1 1 3 1554 
Tx 2.51541 1 1 3 1554 
Tx 2.51541 1 1 3 1554 
Tx 2.51541 1 1 3 1554 
Tx 2.51541 1 1 3 1554 
Tx 2.51541 1 1 3 1554 
Tx 2.51541 1 1 3 1554 
Tx 2.51541 1 1 3 1554 
Tx 2.51541 1 1 3 1554 
Tx 2.51541 1 1 3 1554 
Tx 2.51541 1 1 3 1554 
Tx 2.51541 1 1 3 1554 
Tx 2.51541 1 1 3 1554 
Tx 2.51541 1 1 3 1554 
Tx 2.51541 1 1 3 1554 
Tx 2.51541 1 1 3 1554 
Tx 2.51541 1 1 3 1554 
Tx 2.51541 1 1 3 1554 
Tx 2.51541 1 1 3 1554 
Tx 2.51541 1 1 3 1554 
Tx 2.51541 1 1 3 1554 
Tx 2.51541 1 1 3 1554 
Tx 2.51541 1 1 3 1554 
Tx 2.51541 1 1 3 1554 
Tx 2.51541 1 1 3 1554 
Tx 2.51541 1 1 3 1554 
Tx 2.51541 1 1 3 1554 
Tx 2.51541 1 1 3 1554 
Tx 2.51541 1 1 3 1554 
Tx 2.51541 1 1 3 1554 
Tx 2.51541 1 1 3 1554 
Tx 2.51541 1 1 3 1554 
Tx 2.51541 1 1 3 1554 
Tx 2.51541 1 1 3 1554 
Tx 2.51541 1 1 3 1554 
Tx 2.51541 1 1 3 1554 
Tx 2.51541 1 1 3 1554 
Tx 2.51541 1 1 3 1554 
Tx 2.51541 1 1 3 1554 
Tx 2.51541 1 1 3 1554 
Tx 2.51541 1 1 3 1554 
Tx 2.51541 1 1 3 1554 
Tx 2.51541 1 1 3 1554 
Tx 2.51541 1 1 3 1554 
Tx 2.51541 1 1 3 1554 
Tx 2.51541 1 1 3 1554 
Tx 2.51541 1 1 3 1554 
Tx 2.51541 1 1 3 1554 
Tx 2.51541 1 1 3 1554 
Tx 2.51541 1 1 3 1554 
Tx 2.51541 1 1 3 1554 
Tx 2.51541 1 1 3 1554 
Tx 2.51541 1 1 3 1554 
Tx 2.51541 1 1 3 1554 
Tx 2.51541 1 1 3 1554 
Tx 2.51541 1 1 3 1554 
Tx 2.51541 1 1 3 1554 
Tx 2.51541 1 1 3 1554 
Tx 2.51541 1 1 3 1554 
Tx 2.51541 1 1 3 1554 
Tx 2.51541 1 1 3 1554 
Tx 2.51541 1 1 3 1554 
Tx 2.51541 1 1 3 1554 
Tx 2.51541 1 1 3 1554 
Tx 2.51541 1 1 3 1554 
Tx 2.51541 1 1 3 1554 
Tx 2.51541 1 1 3 1554 
Tx 2.51541 1 1 3 1554 
Tx 2.51541 1 1 3 1554 
Tx 2.51541 1 1 3 1554 
Tx 2.51541 1 1 3 1554 
Tx 2.51541 1 1 3 1554 
Tx 2.51541 1 1 3 1554 
Tx 2.51541 1 1 3 1554 
Tx 2.51541 1 1 3 1554 
Tx 2.51541 1 1 3 1554 
Tx 2.51541 1 1 3 1554 
Rx 2.5158 1 1 3 1554 779040
Rx 2.5158 1 1 3 1554 779040
Rx 2.5158 1 1 3 1554 779040
Rx 2.5158 1 1 3 1554 779040
Rx 2.5158 1 1 3 1554 779040
Rx 2.5158 1 1 3 1554 779040
Rx 2.5158 1 1 3 1554 779040
Rx 2.5158 1 1 3 1554 779040
Rx 2.5158 1 1 3 1554 779040
Rx 2.5158 1 1 3 1554 779040
Rx 2.5158 1 1 3 1554 779040
Rx 2.5158 1 1 3 1554 779040
Rx 2.5159 1 1 3 1554 879040
Rx 2.5159 1 1 3 1554 879040
Rx 2.5159 1 1 3 1554 879040
Rx 2.5159 1 1 3 1554 879040
Rx 2.5159 1 1 3 1554 879040
Rx 2.5159 1 1 3 1554 879040
Rx 2.5159 1 1 3 1554 879040
Rx 2.5159 1 1 3 1554 879040
Rx 2.5159 1 1 3 1554 879040
Rx 2.5159 1 1 3 1554 879040
Rx 2.5159 1 1 3 1554 879040
Rx 2.5159 1 1 3 1554 879040
Rx 2.5159 1 1 3 1554 879040
Rx 2.516 1 1 3 1554 979040
Rx 2.516 1 1 3 1554 979040
Rx 2.516 1 1 3 1554 979040
Rx 2.516 1 1 3 1554 979040
Rx 2.516 1 1 3 1554 979040
Rx 2.516 1 1 3 1554 979040
Rx 2.516 1 1 3 1554 979040
Rx 2.516 1 1 3 1554 979040
Rx 2.516 1 1 3 1554 979040
Rx 2.516 1 1 3 1554 979040
Rx 2.516 1 1 3 1554 979040
Rx 2.516 1 1 3 1554 979040
Tx 2.51615 1 2 3 54 
Tx 2.51615 1 2 3 54 
Tx 2.51615 1 2 3 54 
Tx 2.51615 1 2 3 54 
Tx 2.51615 1 2 3 54 
Tx 2.51615 1 2 3 54 
Tx 2.51615 1 2 3 54 
Tx 2.51615 1 2 3 54 
Tx 2.51615 1 2 3 54 
Tx 2.51615 1 2 3 54 
Tx 2.51615 1 2 3 54 
Rx 2.5162 1 1 3 1554 1179040
Rx 2.5162 1 1 3 1554 1179040
Rx 2.5162 1 1 3 1554 1179040
Rx 2.5162 1 1 3 1554 1179040
Rx 2.5162 1 1 3 1554 1179040
Rx 2.5162 1 1 3 1554 1179040
Rx 2.5162 1 1 3 1554 1179040
Rx 2.5162 1 1 3 1554 1179040
Rx 2.5162 1 1 3 1554 1179040
Rx 2.5162 1 1 3 1554 1179040
Rx 2.5162 1 1 3 1554 1179040
Rx 2.5162 1 1 3 1554 1179040
Rx 2.5162 1 1 3 1554 1179040
Rx 2.5163 1 1 3 1554 1279040
Rx 2.5163 1 1 3 1554 1279040
Rx 2.5163 1 1 3 1554 1279040
Rx 2.5163 1 1 3 1554 1279040
Rx 2.5163 1 1 3 1554 1279040
Rx 2.5163 1 1 3 1554 1279040
Rx 2.5163 1 1 3 1554 1279040
Rx 2.5163 1 1 3 1554 1279040
Rx 2.5163 1 1 3 1554 1279040
Rx 2.5163 1 1 3 1554 1279040
Rx 2.5163 1 1 3 1554 1279040
Rx 2.5163 1 1 3 1554 1279040
Tx 2.51635 1 2 3 54 
Tx 2.51635 1 2 3 54 
Tx 2.51635 1 2 3 54 
Tx 2.51635 1 2 3 54 
Tx 2.51635 1 2 3 54 
Tx 2.51635 1 2 3 54 
Tx 2.51635 1 2 3 54 
Tx 2.51635 1 2 3 54 
Tx 2.51635 1 2 3 54 
Tx 2.51635 1 2 3 54 
Tx 2.51635 1 2 3 54 
Tx 2.51635 1 2 3 54 
Tx 2.51635 1 2 3 54 
Rx 2.5164 1 1 3 1554 1379040
Rx 2.5164 1 1 3 1554 1379040
Rx 2.5164 1 1 3 1554 1379040
Rx 2.5164 1 1 3 1554 1379040
Rx 2.5164 1 1 3 1554 1379040
Rx 2.5164 1 1 3 1554 1379040
Rx 2.5164 1 1 3 1554 1379040
Rx 2.5164 1 1 3 1554 1379040
Rx 2.5164 1 1 3 1554 1379040
Rx 2.5164 1 1 3 1554 1379040
Rx 2.5164 1 1 3 1554 1379040
Rx 2.5164 1 1 3 1554 1379040
Rx 2.5164 1 1 3 1554 1379040
Tx 2.51645 1 2 3 54 
Tx 2.51645 1 2 3 54 
Tx 2.51645 1 2 3 54 
Tx 2.51645 1 2 3 54 
Tx 2.51645 1 2 3 54 
Tx 2.51645 1 2 3 54 
Tx 2.51645 1 2 3 54 
Tx 2.51645 1 2 3 54 
Tx 2.51645 1 2 3 54 
Tx 2.51645 1 2 3 54 
Tx 2.51645 1 2 3 54 
Tx 2.51645 1 2 3 54 
Rx 2.5165 1 1 3 1554 1479040
Rx 2.5165 1 1 3 1554 1479040
Rx 2.5165 1 1 3 1554 1479040
Rx 2.5165 1 1 3 1554 1479040
Rx 2.5165 1 1 3 1554 1479040
Rx 2.5165 1 1 3 1554 1479040
Rx 2.5165 1 1 3 1554 1479040
Rx 2.5165 1 1 3 1554 1479040
Rx 2.5165 1 1 3 1554 1479040
Rx 2.5165 1 1 3 1554 1479040
Rx 2.5165 1 1 3 1554 1479040
Rx 2.5165 1 1 3 1554 1479040
Rx 2.5165 1 1 3 1554 1479040
Tx 2.51655 1 2 3 54 
Tx 2.51655 1 2 3 54 
Tx 2.51655 1 2 3 54 
Tx 2.51655 1 2 3 54 
Tx 2.51655 1 2 3 54 
Tx 2.51655 1 2 3 54 
Tx 2.51655 1 2 3 54 
Tx 2.51655 1 2 3 54 
Tx 2.51655 1 2 3 54 
Tx 2.51655 1 2 3 54 
Tx 2.51655 1 2 3 54 
Tx 2.51655 1 2 3 54 
Rx 2.51659 1 1 3 1554 1570720
Rx 2.51659 1 1 3 1554 1570720
Rx 2.51659 1 1 3 1554 1570720
Rx 2.51659 1 1 3 1554 1570720
Rx 2.51659 1 1 3 1554 1570720
Rx 2.51659 1 1 3 1554 1570720
Rx 2.51659 1 1 3 1554 1570720
Rx 2.51659 1 1 3 1554 1570720
Rx 2.51659 1 1 3 1554 1570720
Rx 2.51659 1 1 3 1554 1570720
Rx 2.51659 1 1 3 1554 1570720
Rx 2.5166 1 2 3 54 1654080
Rx 2.5166 1 2 3 54 1654080
Rx 2.5166 1 2 3 54 1654080
Rx 2.5166 1 2 3 54 1654080
Rx 2.5166 1 2 3 54 1654080
Rx 2.5166 1 2 3 54 1654080
Rx 2.5166 1 2 3 54 1654080
Rx 2.5166 1 2 3 54 1654080
Rx 2.5166 1 2 3 54 1654080
Rx 2.5166 1 2 3 54 1654080
Rx 2.5166 1 2 3 54 1545760
Rx 2.5166 1 2 3 54 1545760
Rx 2.5166 1 2 3 54 1545760
Rx 2.5166 1 2 3 54 1545760
Rx 2.5166 1 2 3 54 1545760
Rx 2.5166 1 2 3 54 1545760
Rx 2.5166 1 2 3 54 1545760
Rx 2.5166 1 2 3 54 1545760
Rx 2.5166 1 2 3 54 1545760
Rx 2.5166 1 2 3 54 1466560
Rx 2.5166 1 2 3 54 1466560
Rx 2.5166 1 2 3 54 1466560
Rx 2.5166 1 2 3 54 1466560
Rx 2.5166 1 2 3 54 1466560
Rx 2.5166 1 2 3 54 1466560
Rx 2.5166 1 2 3 54 445760
Rx 2.5166 1 2 3 54 445760
Rx 2.5166 1 2 3 54 445760
Rx 2.5166 1 2 3 54 445760
Rx 2.5166 1 2 3 54 445760
Rx 2.5166 1 2 3 54 445760
Rx 2.5166 1 2 3 54 445760
Rx 2.5166 1 2 3 54 445760
Rx 2.5166 1 2 3 54 445760
Rx 2.5166 1 2 3 54 445760
Rx 2.5166 1 2 3 54 445760
Rx 2.5166 1 2 3 54 245760
Rx 2.5166 1 2 3 54 245760
Rx 2.5166 1 2 3 54 245760
Rx 2.5166 1 2 3 54 245760
Rx 2.5166 1 2 3 54 245760
Rx 2.5166 1 2 3 54 245760
Rx 2.5166 1 2 3 54 245760
Rx 2.5166 1 2 3 54 245760
Rx 2.5166 1 2 3 54 245760
Rx 2.5166 1 2 3 54 245760
Rx 2.5166 1 2 3 54 245760
Rx 2.5166 1 2 3 54 245760
Rx 2.5166 1 2 3 54 245760
Tx 2.51661 1 1 3 1554 
Tx 2.51661 1 1 3 1554 
Tx 2.51661 1 1 3 1554 
Tx 2.51661 1 1 3 1554 
Tx 2.51665 1 2 3 54 
Tx 2.51665 1 2 3 54 
Tx 2.51665 1 2 3 54 
Tx 2.51665 1 2 3 54 
Tx 2.51665 1 2 3 54 
Tx 2.51665 1 2 3 54 
Tx 2.51665 1 2 3 54 
Tx 2.51665 1 2 3 54 
Tx 2.51665 1 2 3 54 
Tx 2.51665 1 2 3 54 
Tx 2.51665 1 2 3 54 
Rx 2.5167 1 1 3 1554 1679040
Rx 2.5167 1 1 3 1554 1679040
Rx 2.5167 1 1 3 1554 1679040
Rx 2.5167 1 1 3 1554 1679040
Rx 2.5167 1 1 3 1554 1679040
Rx 2.5167 1 1 3 1554 1679040
Rx 2.5167 1 1 3 1554 1679040
Rx 2.5167 1 1 3 1554 1679040
Rx 2.5167 1 1 3 1554 1679040
Rx 2.5167 1 1 3 1554 1679040
Rx 2.5167 1 1 3 1554 1679040
Rx 2.5167 1 1 3 1554 1679040
Rx 2.5167 1 1 3 1554 1679040
Tx 2.51674 1 2 3 54 
Tx 2.51674 1 2 3 54 
Tx 2.51674 1 2 3 54 
Tx 2.51674 1 2 3 54 
Tx 2.51674 1 2 3 54 
Tx 2.51674 1 2 3 54 
Tx 2.51674 1 2 3 54 
Tx 2.51674 1 2 3 54 
Tx 2.51674 1 2 3 54 
Tx 2.51674 1 2 3 54 
Rx 2.5168 1 1 3 1554 1779040
Rx 2.5168 1 1 3 1554 1779040
Rx 2.5168 1 1 3 1554 1779040
Rx 2.5168 1 1 3 1554 1779040
Rx 2.5168 1 1 3 1554 1779040
Rx 2.5168 1 1 3 1554 1779040
Rx 2.5168 1 1 3 1554 1779040
Rx 2.5168 1 1 3 1554 1779040
Rx 2.5168 1 1 3 1554 1779040
Rx 2.5168 1 1 3 1554 1779040
Rx 2.5168 1 1 3 1554 1779040
Rx 2.5168 1 1 3 1554 1779040
Tx 2.51684 1 2 3 54 
Tx 2.51684 1 2 3 54 
Tx 2.51684 1 2 3 54 
Tx 2.51684 1 2 3 54 
Tx 2.51684 1 2 3 54 
Tx 2.51684 1 2 3 54 
Tx 2.51684 1 2 3 54 
Tx 2.51684 1 2 3 54 
Tx 2.51684 1 2 3 54 
Rx 2.51686 1 2 3 54 404160
Rx 2.51686 1 2 3 54 404160
Rx 2.51686 1 2 3 54 404160
Rx 2.51686 1 2 3 54 404160
Rx 2.51686 1 2 3 54 404160
Rx 2.51686 1 2 3 54 404160
Rx 2.51686 1 2 3 54 404160
Rx 2.51686 1 2 3 54 404160
Rx 2.51686 1 2 3 54 404160
Rx 2.51686 1 2 3 54 404160
Rx 2.51686 1 2 3 54 404160
Rx 2.51686 1 2 3 54 404160
Rx 2.51686 1 2 3 54 308320
Rx 2.51686 1 2 3 54 308320
Rx 2.51686 1 2 3 54 308320
Rx 2.51686 1 2 3 54 308320
Rx 2.51686 1 2 3 54 308320
Rx 2.51686 1 2 3 54 308320
Rx 2.51686 1 2 3 54 308320
Rx 2.51686 1 2 3 54 308320
Rx 2.51686 1 2 3 54 308320
Rx 2.51686 1 2 3 54 308320
Rx 2.51686 1 2 3 54 308320
Rx 2.51686 1 2 3 54 308320
Rx 2.51686 1 2 3 54 204160
Rx 2.51686 1 2 3 54 204160
Rx 2.51686 1 2 3 54 204160
Rx 2.51686 1 2 3 54 204160
Rx 2.51686 1 2 3 54 204160
Rx 2.51686 1 2 3 54 204160
Rx 2.51686 1 2 3 54 204160
Rx 2.51686 1 2 3 54 204160
Rx 2.51686 1 2 3 54 204160
Rx 2.51686 1 2 3 54 204160
Rx 2.51686 1 2 3 54 204160
Rx 2.5169 1 1 3 1554 1879040
Rx 2.5169 1 1 3 1554 1879040
Rx 2.5169 1 1 3 1554 1879040
Rx 2.5169 1 1 3 1554 1879040
Rx 2.5169 1 1 3 1554 1879040
Rx 2.5169 1 1 3 1554 1879040
Rx 2.5169 1 1 3 1554 1787360
Rx 2.5169 1 1 3 1554 1787360
Rx 2.5169 1 1 3 1554 1787360
Rx 2.5169 1 1 3 1554 1787360
Rx 2.5169 1 1 3 1554 1483200
Rx 2.5169 1 1 3 1554 1483200
Tx 2.51694 1 2 3 54 
Tx 2.51694 1 2 3 54 
Tx 2.51694 1 2 3 54 
Tx 2.51694 1 2 3 54 
Tx 2.51694 1 2 3 54 
Tx 2.51694 1 2 3 54 
Tx 2.51694 1 2 3 54 
Tx 2.51694 1 2 3 54 
Tx 2.51694 1 2 3 54 
Tx 2.51694 1 2 3 54 
Rx 2.517 1 1 3 1554 1583200
Rx 2.517 1 1 3 1554 1583200
Rx 2.517 1 1 3 1554 1583200
Rx 2.517 1 1 3 1554 1583200
Rx 2.517 1 1 3 1554 1583200
Rx 2.517 1 1 3 1554 1583200
Rx 2.517 1 1 3 1554 1583200
Rx 2.517 1 1 3 1554 1583200
Rx 2.517 1 1 3 1554 1583200
Rx 2.517 1 1 3 1554 1583200
Rx 2.517 1 1 3 1554 1583200
Rx 2.517 1 1 3 1554 1583200
Rx 2.517 1 1 3 1554 1583200
Tx 2.51704 1 2 3 54 
Tx 2.51704 1 2 3 54 
Tx 2.51704 1 2 3 54 
Tx 2.51704 1 2 3 54 
Tx 2.51704 1 2 3 54 
Tx 2.51704 1 2 3 54 
Tx 2.51704 1 2 3 54 
Tx 2.51704 1 2 3 54 
Tx 2.51704 1 1 3 1554 
Tx 2.51704 1 1 3 1554 
Tx 2.51704 1 1 3 1554 
Tx 2.51704 1 1 3 1554 
Tx 2.51704 1 1 3 1554 
Tx 2.51704 1 1 3 1554 
Tx 2.51704 1 1 3 1554 
Tx 2.51704 1 1 3 1554 
Tx 2.51704 1 1 3 1554 
Tx 2.51704 1 1 3 1554 
Tx 2.51704 1 1 3 1554 
Tx 2.51704 1 1 3 1554 
Tx 2.51704 1 1 3 1554 
Tx 2.51704 1 1 3 1554 
Tx 2.51704 1 1 3 1554 
Tx 2.51704 1 1 3 1554 
Tx 2.51704 1 1 3 1554 
Tx 2.51704 1 1 3 1554 
Tx 2.51704 1 1 3 1554 
Tx 2.51704 1 1 3 1554 
Tx 2.51704 1 1 3 1554 
Tx 2.51704 1 1 3 1554 
Tx 2.51704 1 1 3 1554 
Tx 2.51704 1 1 3 1554 
Tx 2.51704 1 1 3 1554 
Tx 2.51704 1 1 3 1554 
Tx 2.51704 1 1 3 1554 
Tx 2.51704 1 1 3 1554 
Tx 2.51704 1 1 3 1554 
Tx 2.51704 1 1 3 1554 
Tx 2.51704 1 1 3 1554 
Tx 2.51704 1 1 3 1554 
Tx 2.51704 1 1 3 1554 
Tx 2.51704 1 1 3 1554 
Tx 2.51704 1 1 3 1554 
Tx 2.51704 1 1 3 1554 
Tx 2.51704 1 1 3 1554 
Tx 2.51704 1 1 3 1554 
Tx 2.51704 1 1 3 1554 
Tx 2.51704 1 1 3 1554 
Tx 2.51704 1 1 3 1554 
Tx 2.51704 1 1 3 1554 
Tx 2.51704 1 1 3 1554 
Tx 2.51704 1 1 3 1554 
Tx 2.51704 1 1 3 1554 
Tx 2.51704 1 1 3 1554 
Tx 2.51704 1 1 3 1554 
Tx 2.51704 1 1 3 1554 
Tx 2.51704 1 1 3 1554 
Tx 2.51704 1 1 3 1554 
Tx 2.51704 1 1 3 1554 
Tx 2.51704 1 1 3 1554 
Tx 2.51704 1 1 3 1554 
Tx 2.51704 1 1 3 1554 
Tx 2.51704 1 1 3 1554 
Tx 2.51704 1 1 3 1554 
Tx 2.51704 1 1 3 1554 
Tx 2.51704 1 1 3 1554 
Tx 2.51704 1 1 3 1554 
Tx 2.51704 1 1 3 1554 
Tx 2.51704 1 1 3 1554 
Tx 2.51704 1 1 3 1554 
Tx 2.51704 1 1 3 1554 
Tx 2.51704 1 1 3 1554 
Tx 2.51704 1 1 3 1554 
Tx 2.51704 1 1 3 1554 
Tx 2.51704 1 1 3 1554 
Tx 2.51704 1 1 3 1554 
Tx 2.51704 1 1 3 1554 
Tx 2.51704 1 1 3 1554 
Tx 2.51704 1 1 3 1554 
Tx 2.51704 1 1 3 1554 
Tx 2.51704 1 1 3 1554 
Tx 2.51704 1 1 3 1554 
Tx 2.51704 1 1 3 1554 
Tx 2.51704 1 1 3 1554 
Tx 2.51704 1 1 3 1554 
Tx 2.51704 1 1 3 1554 
Tx 2.51704 1 1 3 1554 
Tx 2.51704 1 1 3 1554 
Tx 2.51704 1 1 3 1554 
Tx 2.51704 1 1 3 1554 
Tx 2.51704 1 1 3 1554 
Tx 2.51704 1 1 3 1554 
Tx 2.51704 1 1 3 1554 
Tx 2.51704 1 1 3 1554 
Tx 2.51704 1 1 3 1554 
Tx 2.51704 1 1 3 1554 
Tx 2.51704 1 1 3 1554 
Tx 2.51704 1 1 3 1554 
Tx 2.51704 1 1 3 1554 
Tx 2.51704 1 1 3 1554 
Tx 2.51704 1 1 3 1554 
Tx 2.51704 1 1 3 1554 
Tx 2.51714 1 2 3 54 
Tx 2.51714 1 2 3 54 
Tx 2.51714 1 2 3 54 
Tx 2.51714 1 2 3 54 
Tx 2.51714 1 2 3 54 
Tx 2.51714 1 2 3 54 
Tx 2.51714 1 2 3 54 
Tx 2.51714 1 2 3 54 
Tx 2.51714 1 1 3 1554 
Tx 2.51714 1 1 3 1554 
Tx 2.51714 1 1 3 1554 
Tx 2.51714 1 1 3 1554 
Tx 2.51714 1 1 3 1554 
Tx 2.51714 1 1 3 1554 
Tx 2.51714 1 1 3 1554 
Tx 2.51714 1 1 3 1554 
Tx 2.51714 1 1 3 1554 
Tx 2.51714 1 1 3 1554 
Tx 2.51714 1 1 3 1554 
Tx 2.51714 1 1 3 1554 
Tx 2.51714 1 1 3 1554 
Tx 2.51714 1 1 3 1554 
Tx 2.51714 1 1 3 1554 
Tx 2.51714 1 1 3 1554 
Tx 2.51714 1 1 3 1554 
Tx 2.51714 1 1 3 1554 
Tx 2.51714 1 1 3 1554 
Tx 2.51714 1 1 3 1554 
Tx 2.51714 1 1 3 1554 
Tx 2.51714 1 1 3 1554 
Tx 2.51714 1 1 3 1554 
Tx 2.51714 1 1 3 1554 
Tx 2.51714 1 1 3 1554 
Tx 2.51714 1 1 3 1554 
Tx 2.51714 1 1 3 1554 
Tx 2.51714 1 1 3 1554 
Tx 2.51714 1 1 3 1554 
Tx 2.51714 1 1 3 1554 
Tx 2.51714 1 1 3 1554 
Tx 2.51714 1 1 3 1554 
Tx 2.51714 1 1 3 1554 
Tx 2.51714 1 1 3 1554 
Tx 2.51714 1 1 3 1554 
Tx 2.51714 1 1 3 1554 
Tx 2.51714 1 1 3 1554 
Tx 2.51714 1 1 3 1554 
Tx 2.51714 1 1 3 1554 
Tx 2.51714 1 1 3 1554 
Tx 2.51714 1 1 3 1554 
Tx 2.51714 1 1 3 1554 
Tx 2.51714 1 1 3 1554 
Tx 2.51714 1 1 3 1554 
Tx 2.51714 1 1 3 1554 
Tx 2.51714 1 1 3 1554 
Tx 2.51714 1 1 3 1554 
Tx 2.51714 1 1 3 1554 
Tx 2.51714 1 1 3 1554 
Tx 2.51714 1 1 3 1554 
Tx 2.51714 1 1 3 1554 
Tx 2.51714 1 1 3 1554 
Tx 2.51714 1 1 3 1554 
Tx 2.51714 1 1 3 1554 
Tx 2.51714 1 1 3 1554 
Tx 2.51714 1 1 3 1554 
Tx 2.51714 1 1 3 1554 
Tx 2.51714 1 1 3 1554 
Tx 2.51714 1 1 3 1554 
Tx 2.51714 1 1 3 1554 
Tx 2.51714 1 1 3 1554 
Tx 2.51714 1 1 3 1554 
Tx 2.51714 1 1 3 1554 
Tx 2.51714 1 1 3 1554 
Tx 2.51714 1 1 3 1554 
Tx 2.51714 1 1 3 1554 
Tx 2.51714 1 1 3 1554 
Tx 2.51714 1 1 3 1554 
Tx 2.51714 1 1 3 1554 
Tx 2.51714 1 1 3 1554 
Tx 2.51714 1 1 3 1554 
Tx 2.51714 1 1 3 1554 
Rx 2.51719 1 1 3 1554 1779040
Rx 2.51719 1 1 3 1554 1779040
Rx 2.51719 1 1 3 1554 1779040
Rx 2.51719 1 1 3 1554 1779040
Rx 2.51719 1 1 3 1554 1779040
Rx 2.51719 1 1 3 1554 1779040
Rx 2.51719 1 1 3 1554 1779040
Rx 2.51719 1 1 3 1554 1779040
Rx 2.51719 1 1 3 1554 1779040
Rx 2.51719 1 1 3 1554 1779040
Tx 2.51724 1 1 3 1554 
Tx 2.51724 1 1 3 1554 
Rx 2.51725 1 2 3 54 512480
Rx 2.51725 1 2 3 54 512480
Rx 2.51725 1 2 3 54 512480
Rx 2.51725 1 2 3 54 512480
Rx 2.51725 1 2 3 54 512480
Rx 2.51725 1 2 3 54 512480
Rx 2.51725 1 2 3 54 512480
Rx 2.51725 1 2 3 54 512480
Rx 2.51725 1 2 3 54 512480
Rx 2.51725 1 2 3 54 512480
Rx 2.51725 1 2 3 54 412480
Rx 2.51725 1 2 3 54 412480
Rx 2.51725 1 2 3 54 412480
Rx 2.51725 1 2 3 54 412480
Rx 2.51725 1 2 3 54 412480
Rx 2.51725 1 2 3 54 412480
Rx 2.51725 1 2 3 54 412480
Rx 2.51725 1 2 3 54 412480
Rx 2.51725 1 2 3 54 412480
Rx 2.51725 1 2 3 54 308320
Rx 2.51725 1 2 3 54 308320
Rx 2.51725 1 2 3 54 308320
Rx 2.51725 1 2 3 54 308320
Rx 2.51725 1 2 3 54 308320
Rx 2.51725 1 2 3 54 308320
Rx 2.51725 1 2 3 54 308320
Rx 2.51725 1 2 3 54 308320
Rx 2.51725 1 2 3 54 308320
Rx 2.51725 1 2 3 54 308320
Rx 2.51725 1 2 3 54 216640
Rx 2.51725 1 2 3 54 216640
Rx 2.51725 1 2 3 54 216640
Rx 2.51725 1 2 3 54 216640
Rx 2.51725 1 2 3 54 216640
Rx 2.51725 1 2 3 54 216640
Rx 2.51725 1 2 3 54 216640
Rx 2.51725 1 2 3 54 216640
Rx 2.5173 1 1 3 1554 1883200
Rx 2.5173 1 1 3 1554 1883200
Rx 2.5173 1 1 3 1554 1883200
Rx 2.5173 1 1 3 1554 1883200
Rx 2.5173 1 1 3 1554 1883200
Rx 2.5173 1 1 3 1554 1883200
Rx 2.5173 1 1 3 1554 1883200
Rx 2.5173 1 1 3 1554 1883200
Rx 2.5173 1 1 3 1554 1883200
Rx 2.5173 1 1 3 1554 1883200
Rx 2.5173 1 1 3 1554 1883200
Rx 2.5173 1 1 3 1554 1883200
Tx 2.51734 1 2 3 54 
Tx 2.51734 1 2 3 54 
Tx 2.51734 1 2 3 54 
Tx 2.51734 1 2 3 54 
Tx 2.51734 1 2 3 54 
Tx 2.51734 1 2 3 54 
Tx 2.51734 1 2 3 54 
Tx 2.51734 1 2 3 54 
Tx 2.51734 1 2 3 54 
Rx 2.5174 1 1 3 1554 1983200
Rx 2.5174 1 1 3 1554 1983200
Rx 2.5174 1 1 3 1554 1983200
Rx 2.5174 1 1 3 1554 1983200
Rx 2.5174 1 1 3 1554 1983200
Rx 2.5174 1 1 3 1554 1983200
Rx 2.5174 1 1 3 1554 1983200
Rx 2.5174 1 1 3 1554 1983200
Rx 2.5174 1 1 3 1554 1983200
Rx 2.5174 1 1 3 1554 1983200
Tx 2.51744 1 2 3 54 
Tx 2.51744 1 2 3 54 
Tx 2.51744 1 2 3 54 
Tx 2.51744 1 2 3 54 
Tx 2.51744 1 2 3 54 
Tx 2.51744 1 2 3 54 
Tx 2.51744 1 2 3 54 
Tx 2.51744 1 2 3 54 
Rx 2.51747 1 1 3 1554 2058240
Rx 2.51747 1 1 3 1554 2058240
Rx 2.51747 1 1 3 1554 2058240
Rx 2.51747 1 1 3 1554 2058240
Rx 2.51747 1 1 3 1554 2058240
Rx 2.51747 1 1 3 1554 2058240
Rx 2.51747 1 1 3 1554 2058240
Rx 2.51747 1 1 3 1554 2058240
Tx 2.51755 1 2 3 54 
Tx 2.51755 1 2 3 54 
Tx 2.51755 1 2 3 54 
Tx 2.51755 1 2 3 54 
Tx 2.51755 1 2 3 54 
Tx 2.51755 1 2 3 54 
Tx 2.51755 1 2 3 54 
Tx 2.51755 1 2 3 54 
Tx 2.51755 1 2 3 54 
Tx 2.51755 1 2 3 54 
Rx 2.51759 1 1 3 1554 2170720
Rx 2.51759 1 1 3 1554 2170720
Rx 2.51759 1 1 3 1554 2170720
Rx 2.51759 1 1 3 1554 2170720
Rx 2.51759 1 1 3 1554 2170720
Rx 2.51759 1 1 3 1554 2170720
Rx 2.51759 1 1 3 1554 2170720
Rx 2.51759 1 1 3 1554 2170720
Rx 2.51759 1 1 3 1554 2170720
Rx 2.51759 1 1 3 1554 2170720
Rx 2.51759 1 1 3 1554 2170720
Tx 2.51765 1 2 3 54 
Tx 2.51765 1 2 3 54 
Tx 2.51765 1 2 3 54 
Tx 2.51765 1 2 3 54 
Tx 2.51765 1 2 3 54 
Tx 2.51765 1 2 3 54 
Tx 2.51765 1 2 3 54 
Tx 2.51765 1 2 3 54 
Tx 2.51765 1 2 3 54 
Tx 2.51765 1 2 3 54 
Tx 2.51765 1 2 3 54 
Rx 2.51769 1 1 3 1554 2274880
Rx 2.51769 1 1 3 1554 2274880
Rx 2.51769 1 1 3 1554 2274880
Rx 2.51769 1 1 3 1554 2274880
Rx 2.51769 1 1 3 1554 2274880
Rx 2.51769 1 1 3 1554 2274880
Rx 2.51769 1 1 3 1554 2274880
Rx 2.51769 1 1 3 1554 2274880
Rx 2.51769 1 1 3 1554 2274880
Rx 2.51769 1 1 3 1554 2274880
Rx 2.51769 1 2 3 54 558240
Rx 2.51769 1 2 3 54 558240
Rx 2.51769 1 2 3 54 558240
Rx 2.51769 1 2 3 54 558240
Rx 2.51769 1 2 3 54 558240
Rx 2.51769 1 2 3 54 558240
Rx 2.51769 1 2 3 54 558240
Rx 2.51769 1 2 3 54 558240
Rx 2.51769 1 2 3 54 354080
Rx 2.51769 1 2 3 54 354080
Rx 2.51769 1 2 3 54 354080
Rx 2.51769 1 2 3 54 354080
Rx 2.51769 1 2 3 54 354080
Rx 2.51769 1 2 3 54 354080
Rx 2.51769 1 2 3 54 354080
Rx 2.51769 1 2 3 54 354080
Rx 2.51769 1 2 3 54 354080
Rx 2.51769 1 2 3 54 249920
Rx 2.51769 1 2 3 54 249920
Rx 2.51769 1 2 3 54 249920
Rx 2.51769 1 2 3 54 249920
Rx 2.51769 1 2 3 54 249920
Rx 2.51769 1 2 3 54 249920
Rx 2.51769 1 2 3 54 249920
Rx 2.51769 1 2 3 54 249920
Tx 2.51775 1 2 3 54 
Tx 2.51775 1 2 3 54 
Tx 2.51775 1 2 3 54 
Tx 2.51775 1 2 3 54 
Tx 2.51775 1 2 3 54 
Tx 2.51775 1 2 3 54 
Tx 2.51775 1 2 3 54 
Tx 2.51775 1 2 3 54 
Tx 2.51775 1 2 3 54 
Tx 2.51775 1 2 3 54 
Tx 2.51775 1 2 3 54 
Rx 2.51779 1 1 3 1554 2379040
Rx 2.51779 1 1 3 1554 2379040
Rx 2.51779 1 1 3 1554 2379040
Rx 2.51779 1 1 3 1554 2379040
Rx 2.51779 1 1 3 1554 2379040
Rx 2.51779 1 1 3 1554 2379040
Rx 2.51779 1 1 3 1554 2379040
Rx 2.51779 1 1 3 1554 2379040
Rx 2.51779 1 1 3 1554 2379040
Rx 2.51779 1 1 3 1554 2379040
Rx 2.51779 1 1 3 1554 2379040
Rx 2.51779 1 1 3 1554 2379040
Rx 2.51779 1 1 3 1554 2379040
Tx 2.51784 1 2 3 54 
Tx 2.51784 1 2 3 54 
Tx 2.51784 1 2 3 54 
Tx 2.51784 1 2 3 54 
Tx 2.51784 1 2 3 54 
Tx 2.51784 1 2 3 54 
Tx 2.51784 1 2 3 54 
Tx 2.51784 1 2 3 54 
Tx 2.51784 1 2 3 54 
Tx 2.51784 1 2 3 54 
Tx 2.51784 1 2 3 54 
Rx 2.5179 1 1 3 1554 2483200
Rx 2.5179 1 1 3 1554 2483200
Rx 2.5179 1 1 3 1554 2483200
Rx 2.5179 1 1 3 1554 2483200
Rx 2.5179 1 1 3 1554 2483200
Rx 2.5179 1 1 3 1554 2483200
Rx 2.5179 1 1 3 1554 2483200
Rx 2.5179 1 1 3 1554 1287360
Rx 2.5179 1 1 3 1554 1287360
Rx 2.5179 1 1 3 1554 1287360
Rx 2.5179 1 1 3 1554 1287360
Tx 2.51794 1 2 3 54 
Tx 2.51794 1 2 3 54 
Tx 2.51794 1 2 3 54 
Tx 2.51794 1 2 3 54 
Tx 2.51794 1 2 3 54 
Tx 2.51794 1 2 3 54 
Tx 2.51794 1 2 3 54 
Tx 2.51794 1 2 3 54 
Tx 2.51794 1 2 3 54 
Tx 2.51794 1 2 3 54 
Rx 2.51799 1 1 3 1554 941600
Rx 2.51799 1 1 3 1554 941600
Rx 2.51799 1 1 3 1554 941600
Rx 2.51799 1 1 3 1554 941600
Rx 2.51799 1 1 3 1554 941600
Rx 2.51799 1 1 3 1554 941600
Rx 2.51799 1 1 3 1554 941600
Rx 2.51799 1 1 3 1554 941600
Rx 2.51799 1 1 3 1554 941600
Rx 2.51799 1 1 3 1554 941600
Rx 2.51799 1 1 3 1554 941600
Rx 2.51799 1 1 3 1554 941600
Tx 2.51804 1 2 3 54 
Tx 2.51804 1 2 3 54 
Tx 2.51804 1 2 3 54 
Tx 2.51804 1 2 3 54 
Tx 2.51804 1 2 3 54 
Tx 2.51804 1 2 3 54 
Tx 2.51804 1 2 3 54 
Tx 2.51804 1 2 3 54 
Tx 2.51804 1 2 3 54 
Tx 2.51805 1 1 3 1554 
Tx 2.51805 1 1 3 1554 
Tx 2.51805 1 1 3 1554 
Tx 2.51805 1 1 3 1554 
Tx 2.51805 1 1 3 1554 
Tx 2.51805 1 1 3 1554 
Tx 2.51805 1 1 3 1554 
Tx 2.51805 1 1 3 1554 
Tx 2.51805 1 1 3 1554 
Tx 2.51805 1 1 3 1554 
Tx 2.51805 1 1 3 1554 
Tx 2.51805 1 1 3 1554 
Tx 2.51805 1 1 3 1554 
Tx 2.51805 1 1 3 1554 
Tx 2.51805 1 1 3 1554 
Tx 2.51805 1 1 3 1554 
Tx 2.51805 1 1 3 1554 
Tx 2.51805 1 1 3 1554 
Tx 2.51805 1 1 3 1554 
Tx 2.51805 1 1 3 1554 
Tx 2.51805 1 1 3 1554 
Tx 2.51805 1 1 3 1554 
Tx 2.51805 1 1 3 1554 
Tx 2.51805 1 1 3 1554 
Tx 2.51805 1 1 3 1554 
Tx 2.51805 1 1 3 1554 
Tx 2.51805 1 1 3 1554 
Tx 2.51805 1 1 3 1554 
Tx 2.51805 1 1 3 1554 
Tx 2.51805 1 1 3 1554 
Tx 2.51805 1 1 3 1554 
Tx 2.51805 1 1 3 1554 
Tx 2.51805 1 1 3 1554 
Tx 2.51805 1 1 3 1554 
Tx 2.51805 1 1 3 1554 
Tx 2.51805 1 1 3 1554 
Tx 2.51805 1 1 3 1554 
Tx 2.51805 1 1 3 1554 
Tx 2.51805 1 1 3 1554 
Tx 2.51805 1 1 3 1554 
Tx 2.51805 1 1 3 1554 
Tx 2.51805 1 1 3 1554 
Tx 2.51805 1 1 3 1554 
Tx 2.51805 1 1 3 1554 
Tx 2.51805 1 1 3 1554 
Tx 2.51805 1 1 3 1554 
Tx 2.51805 1 1 3 1554 
Tx 2.51805 1 1 3 1554 
Tx 2.51805 1 1 3 1554 
Tx 2.51805 1 1 3 1554 
Tx 2.51805 1 1 3 1554 
Tx 2.51805 1 1 3 1554 
Tx 2.51805 1 1 3 1554 
Tx 2.51805 1 1 3 1554 
Tx 2.51805 1 1 3 1554 
Tx 2.51805 1 1 3 1554 
Tx 2.51805 1 1 3 1554 
Tx 2.51805 1 1 3 1554 
Tx 2.51805 1 1 3 1554 
Tx 2.51805 1 1 3 1554 
Tx 2.51805 1 1 3 1554 
Tx 2.51805 1 1 3 1554 
Tx 2.51805 1 1 3 1554 
Tx 2.51805 1 1 3 1554 
Tx 2.51805 1 1 3 1554 
Tx 2.51805 1 1 3 1554 
Tx 2.51805 1 1 3 1554 
Tx 2.51805 1 1 3 1554 
Tx 2.51805 1 1 3 1554 
Tx 2.51805 1 1 3 1554 
Tx 2.51805 1 1 3 1554 
Tx 2.51805 1 1 3 1554 
Tx 2.51805 1 1 3 1554 
Tx 2.51805 1 1 3 1554 
Tx 2.51805 1 1 3 1554 
Tx 2.51805 1 1 3 1554 
Tx 2.51805 1 1 3 1554 
Tx 2.51805 1 1 3 1554 
Tx 2.51805 1 1 3 1554 
Tx 2.51805 1 1 3 1554 
Tx 2.51805 1 1 3 1554 
Tx 2.51805 1 1 3 1554 
Tx 2.51805 1 1 3 1554 
Tx 2.51805 1 1 3 1554 
Tx 2.51805 1 1 3 1554 
Tx 2.51805 1 1 3 1554 
Tx 2.51805 1 1 3 1554 
Tx 2.51805 1 1 3 1554 
Tx 2.51805 1 1 3 1554 
Tx 2.51805 1 1 3 1554 
Tx 2.51805 1 1 3 1554 
Tx 2.51805 1 1 3 1554 
Tx 2.51805 1 1 3 1554 
Tx 2.51805 1 1 3 1554 
Tx 2.51805 1 1 3 1554 
Tx 2.51805 1 1 3 1554 
Tx 2.51805 1 1 3 1554 
Tx 2.51805 1 1 3 1554 
Tx 2.51805 1 1 3 1554 
Tx 2.51805 1 1 3 1554 
Tx 2.51805 1 1 3 1554 
Tx 2.51805 1 1 3 1554 
Tx 2.51805 1 1 3 1554 
Tx 2.51805 1 1 3 1554 
Tx 2.51805 1 1 3 1554 
Tx 2.51805 1 1 3 1554 
Tx 2.51805 1 1 3 1554 
Tx 2.51805 1 1 3 1554 
Tx 2.51805 1 1 3 1554 
Tx 2.51805 1 1 3 1554 
Tx 2.51805 1 1 3 1554 
Tx 2.51805 1 1 3 1554 
Tx 2.51805 1 1 3 1554 
Tx 2.51805 1 1 3 1554 
Tx 2.51805 1 1 3 1554 
Tx 2.51805 1 1 3 1554 
Tx 2.51805 1 1 3 1554 
Tx 2.51805 1 1 3 1554 
Tx 2.51805 1 1 3 1554 
Tx 2.51805 1 1 3 1554 
Rx 2.51806 1 2 3 54 508320
Rx 2.51806 1 2 3 54 508320
Rx 2.51806 1 2 3 54 508320
Rx 2.51806 1 2 3 54 508320
Rx 2.51806 1 2 3 54 508320
Rx 2.51806 1 2 3 54 508320
Rx 2.51806 1 2 3 54 508320
Rx 2.51806 1 2 3 54 508320
Rx 2.51806 1 2 3 54 508320
Rx 2.51806 1 2 3 54 508320
Rx 2.51806 1 2 3 54 404160
Rx 2.51806 1 2 3 54 404160
Rx 2.51806 1 2 3 54 404160
Rx 2.51806 1 2 3 54 404160
Rx 2.51806 1 2 3 54 404160
Rx 2.51806 1 2 3 54 404160
Rx 2.51806 1 2 3 54 404160
Rx 2.51806 1 2 3 54 404160
Rx 2.51806 1 2 3 54 404160
Rx 2.51806 1 2 3 54 404160
Rx 2.51806 1 2 3 54 404160
Rx 2.51806 1 2 3 54 308320
Rx 2.51806 1 2 3 54 308320
Rx 2.51806 1 2 3 54 308320
Rx 2.51806 1 2 3 54 308320
Rx 2.51806 1 2 3 54 308320
Rx 2.51806 1 2 3 54 308320
Rx 2.51806 1 2 3 54 308320
Rx 2.51806 1 2 3 54 308320
Rx 2.51806 1 2 3 54 308320
Rx 2.51806 1 2 3 54 308320
Rx 2.51806 1 2 3 54 308320
Rx 2.51806 1 2 3 54 212480
Rx 2.51806 1 2 3 54 212480
Rx 2.51806 1 2 3 54 212480
Rx 2.51806 1 2 3 54 212480
Rx 2.51806 1 2 3 54 212480
Rx 2.51806 1 2 3 54 212480
Rx 2.51806 1 2 3 54 212480
Rx 2.51806 1 2 3 54 212480
Rx 2.51806 1 2 3 54 212480
Rx 2.51806 1 2 3 54 212480
Rx 2.51806 1 2 3 54 212480
Tx 2.51811 1 1 3 1554 
Tx 2.51811 1 1 3 1554 
Tx 2.51811 1 1 3 1554 
Tx 2.51811 1 1 3 1554 
Tx 2.51815 1 2 3 54 
Tx 2.51815 1 2 3 54 
Tx 2.51815 1 2 3 54 
Tx 2.51815 1 2 3 54 
Tx 2.51815 1 2 3 54 
Tx 2.51815 1 2 3 54 
Tx 2.51815 1 2 3 54 
Tx 2.51815 1 2 3 54 
Tx 2.51815 1 2 3 54 
Tx 2.51815 1 2 3 54 
Rx 2.51819 1 1 3 1554 1141600
Rx 2.51819 1 1 3 1554 1141600
Rx 2.51819 1 1 3 1554 1141600
Rx 2.51819 1 1 3 1554 1141600
Rx 2.51819 1 1 3 1554 1141600
Rx 2.51819 1 1 3 1554 1141600
Rx 2.51819 1 1 3 1554 1141600
Rx 2.51819 1 1 3 1554 1141600
Rx 2.51819 1 1 3 1554 1141600
Rx 2.51819 1 1 3 1554 1141600
Rx 2.51828 1 1 3 1554 1233280
Rx 2.51828 1 1 3 1554 1233280
Rx 2.51828 1 1 3 1554 1233280
Rx 2.51828 1 1 3 1554 1233280
Rx 2.51828 1 1 3 1554 1233280
Rx 2.51828 1 1 3 1554 1233280
Rx 2.51828 1 1 3 1554 1233280
Tx 2.51835 1 2 3 54 
Tx 2.51835 1 2 3 54 
Tx 2.51835 1 2 3 54 
Tx 2.51835 1 2 3 54 
Tx 2.51835 1 2 3 54 
Tx 2.51835 1 2 3 54 
Tx 2.51835 1 2 3 54 
Tx 2.51835 1 2 3 54 
Rx 2.51838 1 1 3 1554 1337440
Rx 2.51838 1 1 3 1554 1337440
Rx 2.51838 1 1 3 1554 1337440
Rx 2.51838 1 1 3 1554 1337440
Rx 2.51838 1 1 3 1554 1337440
Rx 2.51838 1 1 3 1554 1337440
Rx 2.51838 1 1 3 1554 1337440
Rx 2.51838 1 1 3 1554 1337440
Tx 2.51845 1 2 3 54 
Tx 2.51845 1 2 3 54 
Tx 2.51845 1 2 3 54 
Tx 2.51845 1 2 3 54 
Tx 2.51845 1 2 3 54 
Tx 2.51845 1 2 3 54 
Tx 2.51845 1 2 3 54 
Tx 2.51845 1 2 3 54 
Tx 2.51845 1 2 3 54 
Tx 2.51845 1 2 3 54 
Tx 2.51845 1 2 3 54 
Rx 2.51849 1 1 3 1554 1441600
Rx 2.51849 1 1 3 1554 1441600
Rx 2.51849 1 1 3 1554 1441600
Rx 2.51849 1 1 3 1554 1441600
Rx 2.51849 1 1 3 1554 1441600
Rx 2.51849 1 1 3 1554 1441600
Rx 2.51849 1 1 3 1554 1441600
Rx 2.51849 1 1 3 1554 1441600
Rx 2.51849 1 1 3 1554 1441600
Rx 2.51849 1 1 3 1554 1441600
Rx 2.5185 1 2 3 54 554080
Rx 2.5185 1 2 3 54 554080
Rx 2.5185 1 2 3 54 554080
Rx 2.5185 1 2 3 54 554080
Rx 2.5185 1 2 3 54 554080
Rx 2.5185 1 2 3 54 554080
Rx 2.5185 1 2 3 54 554080
Rx 2.5185 1 2 3 54 554080
Rx 2.5185 1 2 3 54 554080
Rx 2.5185 1 2 3 54 554080
Rx 2.5185 1 2 3 54 458240
Rx 2.5185 1 2 3 54 458240
Rx 2.5185 1 2 3 54 458240
Rx 2.5185 1 2 3 54 458240
Rx 2.5185 1 2 3 54 458240
Rx 2.5185 1 2 3 54 458240
Rx 2.5185 1 2 3 54 458240
Rx 2.5185 1 2 3 54 458240
Rx 2.5185 1 2 3 54 458240
Rx 2.5185 1 2 3 54 349920
Rx 2.5185 1 2 3 54 349920
Rx 2.5185 1 2 3 54 349920
Rx 2.5185 1 2 3 54 349920
Rx 2.5185 1 2 3 54 349920
Rx 2.5185 1 2 3 54 349920
Rx 2.5185 1 2 3 54 349920
Rx 2.5185 1 2 3 54 349920
Rx 2.5185 1 2 3 54 349920
Rx 2.5185 1 2 3 54 349920
Tx 2.51851 1 1 3 1554 
Tx 2.51851 1 1 3 1554 
Tx 2.51851 1 1 3 1554 
Tx 2.51851 1 1 3 1554 
Tx 2.51851 1 1 3 1554 
Tx 2.51851 1 1 3 1554 
Tx 2.51851 1 1 3 1554 
Tx 2.51851 1 1 3 1554 
Tx 2.51851 1 1 3 1554 
Tx 2.51851 1 1 3 1554 
Tx 2.51851 1 1 3 1554 
Tx 2.51851 1 1 3 1554 
Tx 2.51851 1 1 3 1554 
Tx 2.51851 1 1 3 1554 
Tx 2.51851 1 1 3 1554 
Tx 2.51851 1 1 3 1554 
Tx 2.51851 1 1 3 1554 
Tx 2.51851 1 1 3 1554 
Tx 2.51851 1 1 3 1554 
Tx 2.51851 1 1 3 1554 
Tx 2.51851 1 1 3 1554 
Tx 2.51851 1 1 3 1554 
Tx 2.51851 1 1 3 1554 
Tx 2.51851 1 1 3 1554 
Tx 2.51851 1 1 3 1554 
Tx 2.51851 1 1 3 1554 
Tx 2.51851 1 1 3 1554 
Tx 2.51851 1 1 3 1554 
Tx 2.51851 1 1 3 1554 
Tx 2.51851 1 1 3 1554 
Tx 2.51851 1 1 3 1554 
Tx 2.51851 1 1 3 1554 
Tx 2.51851 1 1 3 1554 
Tx 2.51851 1 1 3 1554 
Tx 2.51851 1 1 3 1554 
Tx 2.51851 1 1 3 1554 
Tx 2.51851 1 1 3 1554 
Tx 2.51851 1 1 3 1554 
Tx 2.51851 1 1 3 1554 
Tx 2.51851 1 1 3 1554 
Tx 2.51851 1 1 3 1554 
Tx 2.51851 1 1 3 1554 
Tx 2.51851 1 1 3 1554 
Tx 2.51851 1 1 3 1554 
Tx 2.51851 1 1 3 1554 
Tx 2.51851 1 1 3 1554 
Tx 2.51851 1 1 3 1554 
Tx 2.51851 1 1 3 1554 
Tx 2.51851 1 1 3 1554 
Tx 2.51851 1 1 3 1554 
Tx 2.51851 1 1 3 1554 
Tx 2.51851 1 1 3 1554 
Tx 2.51851 1 1 3 1554 
Tx 2.51851 1 1 3 1554 
Tx 2.51851 1 1 3 1554 
Tx 2.51851 1 1 3 1554 
Tx 2.51851 1 1 3 1554 
Tx 2.51851 1 1 3 1554 
Tx 2.51851 1 1 3 1554 
Tx 2.51851 1 1 3 1554 
Tx 2.51851 1 1 3 1554 
Tx 2.51851 1 1 3 1554 
Tx 2.51851 1 1 3 1554 
Tx 2.51851 1 1 3 1554 
Tx 2.51851 1 1 3 1554 
Tx 2.51851 1 1 3 1554 
Tx 2.51851 1 1 3 1554 
Tx 2.51851 1 1 3 1554 
Tx 2.51851 1 1 3 1554 
Tx 2.51851 1 1 3 1554 
Tx 2.51851 1 1 3 1554 
Tx 2.51851 1 1 3 1554 
Tx 2.51851 1 1 3 1554 
Tx 2.51851 1 1 3 1554 
Tx 2.51851 1 1 3 1554 
Tx 2.51851 1 1 3 1554 
Tx 2.51851 1 1 3 1554 
Tx 2.51851 1 1 3 1554 
Tx 2.51851 1 1 3 1554 
Tx 2.51851 1 1 3 1554 
Tx 2.51851 1 1 3 1554 
Tx 2.51851 1 1 3 1554 
Tx 2.51851 1 1 3 1554 
Tx 2.51851 1 1 3 1554 
Tx 2.51855 1 2 3 54 
Tx 2.51855 1 2 3 54 
Tx 2.51855 1 2 3 54 
Tx 2.51855 1 2 3 54 
Tx 2.51855 1 2 3 54 
Tx 2.51855 1 2 3 54 
Tx 2.51855 1 2 3 54 
Tx 2.51855 1 2 3 54 
Tx 2.51855 1 2 3 54 
Tx 2.51855 1 2 3 54 
Rx 2.51859 1 1 3 1554 1545760
Rx 2.51859 1 1 3 1554 1545760
Rx 2.51859 1 1 3 1554 1545760
Rx 2.51859 1 1 3 1554 1545760
Rx 2.51859 1 1 3 1554 1545760
Rx 2.51859 1 1 3 1554 1545760
Rx 2.51859 1 1 3 1554 1545760
Rx 2.51859 1 1 3 1554 1545760
Rx 2.51859 1 1 3 1554 1545760
Rx 2.51859 1 1 3 1554 1545760
Tx 2.51865 1 2 3 54 
Tx 2.51865 1 2 3 54 
Tx 2.51865 1 2 3 54 
Tx 2.51865 1 2 3 54 
Tx 2.51865 1 2 3 54 
Tx 2.51865 1 2 3 54 
Tx 2.51865 1 2 3 54 
Tx 2.51865 1 2 3 54 
Tx 2.51865 1 2 3 54 
Tx 2.51865 1 2 3 54 
Rx 2.51869 1 1 3 1554 1641600
Rx 2.51869 1 1 3 1554 1641600
Rx 2.51869 1 1 3 1554 1641600
Rx 2.51869 1 1 3 1554 1641600
Rx 2.51869 1 1 3 1554 1641600
Rx 2.51869 1 1 3 1554 1641600
Rx 2.51869 1 1 3 1554 1641600
Rx 2.51869 1 1 3 1554 1641600
Rx 2.51869 1 1 3 1554 1641600
Rx 2.51869 1 1 3 1554 1641600
Rx 2.51869 1 1 3 1554 1641600
Tx 2.51871 1 1 3 1554 
Tx 2.51871 1 1 3 1554 
Tx 2.51871 1 1 3 1554 
Tx 2.51871 1 1 3 1554 
Tx 2.51871 1 1 3 1554 
Tx 2.51871 1 1 3 1554 
Tx 2.51871 1 1 3 1554 
Tx 2.51871 1 1 3 1554 
Tx 2.51871 1 1 3 1554 
Tx 2.51871 1 1 3 1554 
Tx 2.51871 1 1 3 1554 
Tx 2.51871 1 1 3 1554 
Tx 2.51871 1 1 3 1554 
Tx 2.51871 1 1 3 1554 
Tx 2.51871 1 1 3 1554 
Tx 2.51871 1 1 3 1554 
Tx 2.51871 1 1 3 1554 
Tx 2.51871 1 1 3 1554 
Tx 2.51871 1 1 3 1554 
Tx 2.51871 1 1 3 1554 
Tx 2.51874 1 2 3 54 
Tx 2.51874 1 2 3 54 
Tx 2.51874 1 2 3 54 
Tx 2.51874 1 2 3 54 
Tx 2.51874 1 2 3 54 
Tx 2.51874 1 2 3 54 
Tx 2.51874 1 2 3 54 
Tx 2.51874 1 2 3 54 
Tx 2.51874 1 2 3 54 
Rx 2.51878 1 1 3 1554 1733280
Rx 2.51878 1 1 3 1554 1733280
Rx 2.51878 1 1 3 1554 1733280
Rx 2.51878 1 1 3 1554 1733280
Rx 2.51878 1 1 3 1554 1733280
Rx 2.51878 1 1 3 1554 1733280
Rx 2.51878 1 1 3 1554 1733280
Rx 2.51878 1 1 3 1554 1733280
Rx 2.51878 1 1 3 1554 1733280
Tx 2.51881 1 1 3 1554 
Tx 2.51881 1 1 3 1554 
Tx 2.51881 1 1 3 1554 
Tx 2.51881 1 1 3 1554 
Tx 2.51881 1 1 3 1554 
Tx 2.51881 1 1 3 1554 
Tx 2.51881 1 1 3 1554 
Tx 2.51881 1 1 3 1554 
Tx 2.51881 1 1 3 1554 
Tx 2.51881 1 1 3 1554 
Tx 2.51881 1 1 3 1554 
Tx 2.51881 1 1 3 1554 
Tx 2.51881 1 1 3 1554 
Tx 2.51881 1 1 3 1554 
Tx 2.51881 1 1 3 1554 
Tx 2.51881 1 1 3 1554 
Tx 2.51881 1 1 3 1554 
Tx 2.51881 1 1 3 1554 
Tx 2.51881 1 1 3 1554 
Tx 2.51881 1 1 3 1554 
Tx 2.51881 1 1 3 1554 
Tx 2.51881 1 1 3 1554 
Tx 2.51881 1 1 3 1554 
Tx 2.51881 1 1 3 1554 
Tx 2.51881 1 1 3 1554 
Tx 2.51881 1 1 3 1554 
Tx 2.51881 1 1 3 1554 
Tx 2.51881 1 1 3 1554 
Tx 2.51881 1 1 3 1554 
Tx 2.51881 1 1 3 1554 
Tx 2.51881 1 1 3 1554 
Tx 2.51881 1 1 3 1554 
Tx 2.51881 1 1 3 1554 
Tx 2.51881 1 1 3 1554 
Tx 2.51881 1 1 3 1554 
Tx 2.51881 1 1 3 1554 
Tx 2.51881 1 1 3 1554 
Tx 2.51881 1 1 3 1554 
Tx 2.51885 1 2 3 54 
Tx 2.51885 1 2 3 54 
Tx 2.51885 1 2 3 54 
Tx 2.51885 1 2 3 54 
Tx 2.51885 1 2 3 54 
Tx 2.51885 1 2 3 54 
Tx 2.51885 1 2 3 54 
Tx 2.51885 1 2 3 54 
Tx 2.51885 1 2 3 54 
Tx 2.51885 1 2 3 54 
Tx 2.51885 1 2 3 54 
Rx 2.51889 1 1 3 1554 1841600
Rx 2.51889 1 1 3 1554 1841600
Rx 2.51889 1 1 3 1554 1841600
Rx 2.51889 1 1 3 1554 1841600
Rx 2.51889 1 1 3 1554 1841600
Rx 2.51889 1 1 3 1554 1841600
Rx 2.51889 1 1 3 1554 1841600
Rx 2.51889 1 1 3 1554 1841600
Rx 2.51889 1 1 3 1554 1841600
Rx 2.51889 1 1 3 1554 1841600
Rx 2.51889 1 2 3 54 541600
Rx 2.51889 1 2 3 54 541600
Rx 2.51889 1 2 3 54 541600
Rx 2.51889 1 2 3 54 541600
Rx 2.51889 1 2 3 54 541600
Rx 2.51889 1 2 3 54 541600
Rx 2.51889 1 2 3 54 541600
Rx 2.51889 1 2 3 54 541600
Rx 2.51889 1 2 3 54 445760
Rx 2.51889 1 2 3 54 445760
Rx 2.51889 1 2 3 54 445760
Rx 2.51889 1 2 3 54 445760
Rx 2.51889 1 2 3 54 445760
Rx 2.51889 1 2 3 54 445760
Rx 2.51889 1 2 3 54 445760
Rx 2.51889 1 2 3 54 445760
Rx 2.51889 1 2 3 54 445760
Rx 2.51889 1 2 3 54 445760
Rx 2.51889 1 2 3 54 445760
Rx 2.51889 1 2 3 54 341600
Rx 2.51889 1 2 3 54 341600
Rx 2.51889 1 2 3 54 341600
Rx 2.51889 1 2 3 54 341600
Rx 2.51889 1 2 3 54 341600
Rx 2.51889 1 2 3 54 341600
Rx 2.51889 1 2 3 54 341600
Rx 2.51889 1 2 3 54 341600
Rx 2.51889 1 2 3 54 341600
Rx 2.51889 1 2 3 54 341600
Rx 2.51889 1 2 3 54 245760
Rx 2.51889 1 2 3 54 245760
Rx 2.51889 1 2 3 54 245760
Rx 2.51889 1 2 3 54 245760
Rx 2.51889 1 2 3 54 245760
Rx 2.51889 1 2 3 54 245760
Rx 2.51889 1 2 3 54 245760
Rx 2.51889 1 2 3 54 245760
Rx 2.51889 1 2 3 54 245760
Rx 2.51889 1 2 3 54 245760
Tx 2.51891 1 1 3 1554 
Tx 2.51891 1 1 3 1554 
Tx 2.51895 1 2 3 54 
Tx 2.51895 1 2 3 54 
Tx 2.51895 1 2 3 54 
Tx 2.51895 1 2 3 54 
Tx 2.51895 1 2 3 54 
Tx 2.51895 1 2 3 54 
Tx 2.51895 1 2 3 54 
Tx 2.51895 1 2 3 54 
Tx 2.51895 1 2 3 54 
Tx 2.51895 1 2 3 54 
Rx 2.51899 1 1 3 1554 1941600
Rx 2.51899 1 1 3 1554 1941600
Rx 2.51899 1 1 3 1554 1941600
Rx 2.51899 1 1 3 1554 1941600
Rx 2.51899 1 1 3 1554 1941600
Rx 2.51899 1 1 3 1554 1941600
Rx 2.51899 1 1 3 1554 1941600
Rx 2.51899 1 1 3 1554 1841600
Rx 2.51899 1 1 3 1554 1841600
Rx 2.51899 1 1 3 1554 1841600
Tx 2.51905 1 2 3 54 
Tx 2.51905 1 2 3 54 
Tx 2.51905 1 2 3 54 
Tx 2.51905 1 2 3 54 
Tx 2.51905 1 2 3 54 
Tx 2.51905 1 2 3 54 
Tx 2.51905 1 2 3 54 
Tx 2.51915 1 2 3 54 
Tx 2.51915 1 2 3 54 
Tx 2.51915 1 2 3 54 
Tx 2.51915 1 2 3 54 
Tx 2.51915 1 2 3 54 
Tx 2.51915 1 2 3 54 
Tx 2.51915 1 2 3 54 
Tx 2.51915 1 2 3 54 
Rx 2.51918 1 1 3 1554 2033280
Rx 2.51918 1 1 3 1554 2033280
Rx 2.51918 1 1 3 1554 2033280
Rx 2.51918 1 1 3 1554 2033280
Rx 2.51918 1 1 3 1554 2033280
Rx 2.51918 1 1 3 1554 2033280
Rx 2.51918 1 1 3 1554 2033280
Rx 2.51918 1 1 3 1554 2033280
Rx 2.51929 1 1 3 1554 2141600
Rx 2.51929 1 1 3 1554 2141600
Rx 2.51929 1 1 3 1554 2141600
Rx 2.51929 1 1 3 1554 2141600
Rx 2.51929 1 1 3 1554 2141600
Rx 2.51929 1 1 3 1554 2141600
Rx 2.51929 1 1 3 1554 2141600
Rx 2.51929 1 1 3 1554 2141600
Rx 2.51929 1 1 3 1554 2141600
Rx 2.51929 1 1 3 1554 2141600
Rx 2.5193 1 2 3 54 554080
Rx 2.5193 1 2 3 54 554080
Rx 2.5193 1 2 3 54 554080
Rx 2.5193 1 2 3 54 554080
Rx 2.5193 1 2 3 54 554080
Rx 2.5193 1 2 3 54 554080
Rx 2.5193 1 2 3 54 554080
Rx 2.5193 1 2 3 54 554080
Rx 2.5193 1 2 3 54 554080
Rx 2.5193 1 2 3 54 449920
Rx 2.5193 1 2 3 54 449920
Rx 2.5193 1 2 3 54 449920
Rx 2.5193 1 2 3 54 449920
Rx 2.5193 1 2 3 54 449920
Rx 2.5193 1 2 3 54 449920
Rx 2.5193 1 2 3 54 449920
Rx 2.5193 1 2 3 54 449920
Rx 2.5193 1 2 3 54 449920
Rx 2.5193 1 2 3 54 449920
Rx 2.5193 1 2 3 54 449920
Rx 2.5193 1 2 3 54 349920
Rx 2.5193 1 2 3 54 349920
Rx 2.5193 1 2 3 54 349920
Rx 2.5193 1 2 3 54 349920
Rx 2.5193 1 2 3 54 349920
Rx 2.5193 1 2 3 54 349920
Rx 2.5193 1 2 3 54 349920
Rx 2.5193 1 2 3 54 349920
Rx 2.5193 1 2 3 54 349920
Rx 2.5193 1 2 3 54 349920
Rx 2.5193 1 2 3 54 245760
Rx 2.5193 1 2 3 54 245760
Rx 2.5193 1 2 3 54 245760
Rx 2.5193 1 2 3 54 245760
Rx 2.5193 1 2 3 54 245760
Rx 2.5193 1 2 3 54 245760
Rx 2.5193 1 2 3 54 245760
Tx 2.51935 1 2 3 54 
Tx 2.51935 1 2 3 54 
Tx 2.51935 1 2 3 54 
Tx 2.51935 1 2 3 54 
Tx 2.51935 1 2 3 54 
Tx 2.51935 1 2 3 54 
Tx 2.51935 1 2 3 54 
Tx 2.51935 1 2 3 54 
Tx 2.51935 1 2 3 54 
Tx 2.51935 1 2 3 54 
Rx 2.51939 1 1 3 1554 2241600
Rx 2.51939 1 1 3 1554 2241600
Rx 2.51939 1 1 3 1554 2241600
Rx 2.51939 1 1 3 1554 2241600
Rx 2.51939 1 1 3 1554 2241600
Rx 2.51939 1 1 3 1554 2241600
Rx 2.51939 1 1 3 1554 2241600
Rx 2.51939 1 1 3 1554 2241600
Rx 2.51939 1 1 3 1554 2241600
Rx 2.51939 1 1 3 1554 2241600
Tx 2.51941 1 1 3 1554 
Tx 2.51941 1 1 3 1554 
Tx 2.51941 1 1 3 1554 
Tx 2.51941 1 1 3 1554 
Tx 2.51941 1 1 3 1554 
Tx 2.51941 1 1 3 1554 
Tx 2.51941 1 1 3 1554 
Tx 2.51941 1 1 3 1554 
Tx 2.51941 1 1 3 1554 
Tx 2.51941 1 1 3 1554 
Tx 2.51941 1 1 3 1554 
Tx 2.51941 1 1 3 1554 
Tx 2.51941 1 1 3 1554 
Tx 2.51941 1 1 3 1554 
Tx 2.51941 1 1 3 1554 
Tx 2.51941 1 1 3 1554 
Tx 2.51941 1 1 3 1554 
Tx 2.51941 1 1 3 1554 
Tx 2.51941 1 1 3 1554 
Tx 2.51941 1 1 3 1554 
Tx 2.51941 1 1 3 1554 
Tx 2.51941 1 1 3 1554 
Tx 2.51941 1 1 3 1554 
Tx 2.51941 1 1 3 1554 
Tx 2.51941 1 1 3 1554 
Tx 2.51941 1 1 3 1554 
Tx 2.51941 1 1 3 1554 
Tx 2.51941 1 1 3 1554 
Tx 2.51941 1 1 3 1554 
Tx 2.51941 1 1 3 1554 
Tx 2.51941 1 1 3 1554 
Tx 2.51941 1 1 3 1554 
Tx 2.51941 1 1 3 1554 
Tx 2.51941 1 1 3 1554 
Tx 2.51941 1 1 3 1554 
Tx 2.51941 1 1 3 1554 
Tx 2.51941 1 1 3 1554 
Tx 2.51941 1 1 3 1554 
Tx 2.51941 1 1 3 1554 
Tx 2.51941 1 1 3 1554 
Tx 2.51941 1 1 3 1554 
Tx 2.51941 1 1 3 1554 
Tx 2.51941 1 1 3 1554 
Tx 2.51941 1 1 3 1554 
Tx 2.51941 1 1 3 1554 
Tx 2.51941 1 1 3 1554 
Tx 2.51941 1 1 3 1554 
Tx 2.51941 1 1 3 1554 
Tx 2.51941 1 1 3 1554 
Tx 2.51941 1 1 3 1554 
Tx 2.51941 1 1 3 1554 
Tx 2.51941 1 1 3 1554 
Tx 2.51941 1 1 3 1554 
Tx 2.51941 1 1 3 1554 
Tx 2.51941 1 1 3 1554 
Tx 2.51941 1 1 3 1554 
Tx 2.51941 1 1 3 1554 
Tx 2.51941 1 1 3 1554 
Tx 2.51941 1 1 3 1554 
Tx 2.51941 1 1 3 1554 
Tx 2.51941 1 1 3 1554 
Tx 2.51941 1 1 3 1554 
Tx 2.51941 1 1 3 1554 
Tx 2.51941 1 1 3 1554 
Tx 2.51941 1 1 3 1554 
Tx 2.51941 1 1 3 1554 
Tx 2.51941 1 1 3 1554 
Tx 2.51941 1 1 3 1554 
Tx 2.51941 1 1 3 1554 
Tx 2.51941 1 1 3 1554 
Tx 2.51941 1 1 3 1554 
Tx 2.51941 1 1 3 1554 
Tx 2.51941 1 1 3 1554 
Tx 2.51941 1 1 3 1554 
Tx 2.51941 1 1 3 1554 
Tx 2.51941 1 1 3 1554 
Tx 2.51944 1 2 3 54 
Tx 2.51944 1 2 3 54 
Tx 2.51944 1 2 3 54 
Tx 2.51944 1 2 3 54 
Tx 2.51944 1 2 3 54 
Tx 2.51944 1 2 3 54 
Tx 2.51944 1 2 3 54 
Tx 2.51944 1 2 3 54 
Rx 2.51947 1 1 3 1554 2329120
Rx 2.51947 1 1 3 1554 2329120
Rx 2.51947 1 1 3 1554 2329120
Rx 2.51947 1 1 3 1554 2329120
Rx 2.51947 1 1 3 1554 2329120
Rx 2.51947 1 1 3 1554 2329120
Rx 2.51947 1 1 3 1554 2329120
Rx 2.51947 1 1 3 1554 2329120
Tx 2.51951 1 1 3 1554 
Tx 2.51951 1 1 3 1554 
Tx 2.51951 1 1 3 1554 
Tx 2.51951 1 1 3 1554 
Tx 2.51951 1 1 3 1554 
Tx 2.51951 1 1 3 1554 
Tx 2.51951 1 1 3 1554 
Tx 2.51951 1 1 3 1554 
Tx 2.51951 1 1 3 1554 
Tx 2.51951 1 1 3 1554 
Tx 2.51951 1 1 3 1554 
Tx 2.51951 1 1 3 1554 
Tx 2.51951 1 1 3 1554 
Tx 2.51951 1 1 3 1554 
Tx 2.51951 1 1 3 1554 
Tx 2.51951 1 1 3 1554 
Tx 2.51951 1 1 3 1554 
Tx 2.51951 1 1 3 1554 
Tx 2.51951 1 1 3 1554 
Tx 2.51951 1 1 3 1554 
Tx 2.51954 1 2 3 54 
Tx 2.51954 1 2 3 54 
Tx 2.51954 1 2 3 54 
Tx 2.51954 1 2 3 54 
Tx 2.51954 1 2 3 54 
Tx 2.51954 1 2 3 54 
Tx 2.51954 1 2 3 54 
Tx 2.51954 1 2 3 54 
Tx 2.51954 1 2 3 54 
Rx 2.51958 1 1 3 1554 2433280
Rx 2.51958 1 1 3 1554 2433280
Rx 2.51958 1 1 3 1554 2433280
Rx 2.51958 1 1 3 1554 2433280
Rx 2.51958 1 1 3 1554 2433280
Rx 2.51958 1 1 3 1554 2433280
Rx 2.51958 1 1 3 1554 2433280
Rx 2.51958 1 1 3 1554 2433280
Rx 2.51958 1 1 3 1554 2433280
Tx 2.51965 1 2 3 54 
Tx 2.51965 1 2 3 54 
Tx 2.51965 1 2 3 54 
Tx 2.51965 1 2 3 54 
Tx 2.51965 1 2 3 54 
Tx 2.51965 1 2 3 54 
Tx 2.51965 1 2 3 54 
Tx 2.51965 1 2 3 54 
Tx 2.51965 1 2 3 54 
Tx 2.51965 1 2 3 54 
Tx 2.51965 1 2 3 54 
Tx 2.51965 1 2 3 54 
Rx 2.51969 1 1 3 1554 2549920
Rx 2.51969 1 1 3 1554 2549920
Rx 2.51969 1 1 3 1554 2549920
Rx 2.51969 1 1 3 1554 2549920
Rx 2.51969 1 1 3 1554 2549920
Rx 2.51969 1 1 3 1554 2549920
Rx 2.51969 1 1 3 1554 2549920
Rx 2.51969 1 1 3 1554 2549920
Rx 2.51969 1 1 3 1554 2549920
Rx 2.51969 1 1 3 1554 2549920
Rx 2.51969 1 1 3 1554 2549920
Rx 2.5197 1 2 3 54 549920
Rx 2.5197 1 2 3 54 549920
Rx 2.5197 1 2 3 54 549920
Rx 2.5197 1 2 3 54 549920
Rx 2.5197 1 2 3 54 549920
Rx 2.5197 1 2 3 54 549920
Rx 2.5197 1 2 3 54 549920
Rx 2.5197 1 2 3 54 549920
Rx 2.5197 1 2 3 54 349920
Rx 2.5197 1 2 3 54 349920
Rx 2.5197 1 2 3 54 349920
Rx 2.5197 1 2 3 54 349920
Rx 2.5197 1 2 3 54 349920
Rx 2.5197 1 2 3 54 349920
Rx 2.5197 1 2 3 54 349920
Rx 2.5197 1 2 3 54 349920
Rx 2.5197 1 2 3 54 349920
Rx 2.5197 1 2 3 54 349920
Rx 2.5197 1 2 3 54 254080
Rx 2.5197 1 2 3 54 254080
Rx 2.5197 1 2 3 54 254080
Rx 2.5197 1 2 3 54 254080
Rx 2.5197 1 2 3 54 254080
Rx 2.5197 1 2 3 54 254080
Rx 2.5197 1 2 3 54 254080
Rx 2.5197 1 2 3 54 254080
Tx 2.51975 1 2 3 54 
Tx 2.51975 1 2 3 54 
Tx 2.51975 1 2 3 54 
Tx 2.51975 1 2 3 54 
Tx 2.51975 1 2 3 54 
Tx 2.51975 1 2 3 54 
Tx 2.51975 1 2 3 54 
Tx 2.51975 1 2 3 54 
Tx 2.51975 1 2 3 54 
Tx 2.51975 1 2 3 54 
Tx 2.51975 1 2 3 54 
Rx 2.51979 1 1 3 1554 2649920
Rx 2.51979 1 1 3 1554 2649920
Rx 2.51979 1 1 3 1554 2649920
Rx 2.51979 1 1 3 1554 2649920
Rx 2.51979 1 1 3 1554 2649920
Rx 2.51979 1 1 3 1554 2649920
Rx 2.51979 1 1 3 1554 2649920
Rx 2.51979 1 1 3 1554 2649920
Rx 2.51979 1 1 3 1554 2649920
Rx 2.51979 1 1 3 1554 2649920
Rx 2.51979 1 1 3 1554 2649920
Rx 2.51979 1 1 3 1554 2649920
Rx 2.51979 1 1 3 1554 2649920
Tx 2.51984 1 2 3 54 
Tx 2.51984 1 2 3 54 
Tx 2.51984 1 2 3 54 
Tx 2.51984 1 2 3 54 
Tx 2.51984 1 2 3 54 
Tx 2.51984 1 2 3 54 
Tx 2.51984 1 2 3 54 
Tx 2.51984 1 2 3 54 
Tx 2.51984 1 2 3 54 
Tx 2.51984 1 2 3 54 
Rx 2.5199 1 1 3 1554 2654080
Rx 2.5199 1 1 3 1554 2654080
Rx 2.5199 1 1 3 1554 1849920
Rx 2.5199 1 1 3 1554 1849920
Rx 2.5199 1 1 3 1554 1849920
Rx 2.5199 1 1 3 1554 1849920
Rx 2.5199 1 1 3 1554 1849920
Rx 2.5199 1 1 3 1554 1849920
Rx 2.5199 1 1 3 1554 1849920
Rx 2.5199 1 1 3 1554 1849920
Rx 2.5199 1 1 3 1554 1849920
Tx 2.51994 1 2 3 54 
Tx 2.51994 1 2 3 54 
Tx 2.51994 1 2 3 54 
Tx 2.51994 1 2 3 54 
Tx 2.51994 1 2 3 54 
Tx 2.51994 1 2 3 54 
Tx 2.51994 1 2 3 54 
Tx 2.51994 1 2 3 54 
Tx 2.51994 1 2 3 54 
Tx 2.51994 1 2 3 54 
Tx 2.51994 1 2 3 54 
Rx 2.51999 1 1 3 1554 1937440
Rx 2.51999 1 1 3 1554 1937440
Rx 2.51999 1 1 3 1554 1937440
Rx 2.51999 1 1 3 1554 1937440
Rx 2.51999 1 1 3 1554 1937440
Rx 2.51999 1 1 3 1554 1937440
Rx 2.51999 1 1 3 1554 1937440
Rx 2.51999 1 1 3 1554 1937440
Rx 2.51999 1 1 3 1554 1937440
Rx 2.51999 1 1 3 1554 1937440
Rx 2.51999 1 1 3 1554 1937440
Rx 2.51999 1 1 3 1554 1937440
Tx 2.52004 1 2 3 54 
Tx 2.52004 1 2 3 54 
Tx 2.52004 1 2 3 54 
Tx 2.52004 1 2 3 54 
Tx 2.52004 1 2 3 54 
Tx 2.52004 1 2 3 54 
Tx 2.52004 1 2 3 54 
Tx 2.52004 1 2 3 54 
Tx 2.52004 1 2 3 54 
Tx 2.52005 1 1 3 1554 
Tx 2.52005 1 1 3 1554 
Tx 2.52005 1 1 3 1554 
Tx 2.52005 1 1 3 1554 
Tx 2.52005 1 1 3 1554 
Tx 2.52005 1 1 3 1554 
Tx 2.52005 1 1 3 1554 
Tx 2.52005 1 1 3 1554 
Tx 2.52005 1 1 3 1554 
Tx 2.52005 1 1 3 1554 
Tx 2.52005 1 1 3 1554 
Tx 2.52005 1 1 3 1554 
Tx 2.52005 1 1 3 1554 
Tx 2.52005 1 1 3 1554 
Tx 2.52005 1 1 3 1554 
Tx 2.52005 1 1 3 1554 
Tx 2.52005 1 1 3 1554 
Tx 2.52005 1 1 3 1554 
Tx 2.52005 1 1 3 1554 
Tx 2.52005 1 1 3 1554 
Tx 2.52005 1 1 3 1554 
Tx 2.52005 1 1 3 1554 
Tx 2.52005 1 1 3 1554 
Tx 2.52005 1 1 3 1554 
Tx 2.52005 1 1 3 1554 
Tx 2.52005 1 1 3 1554 
Tx 2.52005 1 1 3 1554 
Tx 2.52005 1 1 3 1554 
Tx 2.52005 1 1 3 1554 
Tx 2.52005 1 1 3 1554 
Tx 2.52005 1 1 3 1554 
Tx 2.52005 1 1 3 1554 
Tx 2.52005 1 1 3 1554 
Tx 2.52005 1 1 3 1554 
Tx 2.52005 1 1 3 1554 
Tx 2.52005 1 1 3 1554 
Tx 2.52005 1 1 3 1554 
Tx 2.52005 1 1 3 1554 
Tx 2.52005 1 1 3 1554 
Tx 2.52005 1 1 3 1554 
Tx 2.52005 1 1 3 1554 
Tx 2.52005 1 1 3 1554 
Tx 2.52005 1 1 3 1554 
Tx 2.52005 1 1 3 1554 
Tx 2.52005 1 1 3 1554 
Tx 2.52005 1 1 3 1554 
Tx 2.52005 1 1 3 1554 
Tx 2.52005 1 1 3 1554 
Tx 2.52005 1 1 3 1554 
Tx 2.52005 1 1 3 1554 
Tx 2.52005 1 1 3 1554 
Tx 2.52005 1 1 3 1554 
Tx 2.52005 1 1 3 1554 
Tx 2.52005 1 1 3 1554 
Tx 2.52005 1 1 3 1554 
Tx 2.52005 1 1 3 1554 
Tx 2.52005 1 1 3 1554 
Tx 2.52005 1 1 3 1554 
Tx 2.52005 1 1 3 1554 
Tx 2.52005 1 1 3 1554 
Tx 2.52005 1 1 3 1554 
Tx 2.52005 1 1 3 1554 
Tx 2.52005 1 1 3 1554 
Tx 2.52005 1 1 3 1554 
Tx 2.52005 1 1 3 1554 
Tx 2.52005 1 1 3 1554 
Tx 2.52005 1 1 3 1554 
Rx 2.52006 1 2 3 54 512480
Rx 2.52006 1 2 3 54 512480
Rx 2.52006 1 2 3 54 512480
Rx 2.52006 1 2 3 54 512480
Rx 2.52006 1 2 3 54 512480
Rx 2.52006 1 2 3 54 512480
Rx 2.52006 1 2 3 54 512480
Rx 2.52006 1 2 3 54 512480
Rx 2.52006 1 2 3 54 512480
Rx 2.52006 1 2 3 54 404160
Rx 2.52006 1 2 3 54 404160
Rx 2.52006 1 2 3 54 404160
Rx 2.52006 1 2 3 54 404160
Rx 2.52006 1 2 3 54 404160
Rx 2.52006 1 2 3 54 404160
Rx 2.52006 1 2 3 54 404160
Rx 2.52006 1 2 3 54 404160
Rx 2.52006 1 2 3 54 404160
Rx 2.52006 1 2 3 54 404160
Rx 2.52006 1 2 3 54 404160
Rx 2.52006 1 2 3 54 404160
Rx 2.52006 1 2 3 54 308320
Rx 2.52006 1 2 3 54 308320
Rx 2.52006 1 2 3 54 308320
Rx 2.52006 1 2 3 54 308320
Rx 2.52006 1 2 3 54 308320
Rx 2.52006 1 2 3 54 308320
Rx 2.52006 1 2 3 54 308320
Rx 2.52006 1 2 3 54 308320
Rx 2.52006 1 2 3 54 308320
Rx 2.52006 1 2 3 54 308320
Rx 2.52006 1 2 3 54 308320
Rx 2.52006 1 2 3 54 212480
Rx 2.52006 1 2 3 54 212480
Rx 2.52006 1 2 3 54 212480
Rx 2.52006 1 2 3 54 212480
Rx 2.52006 1 2 3 54 212480
Rx 2.52006 1 2 3 54 212480
Rx 2.52006 1 2 3 54 212480
Rx 2.52006 1 2 3 54 212480
Rx 2.52006 1 2 3 54 212480
Rx 2.52006 1 2 3 54 212480
Tx 2.52015 1 2 3 54 
Tx 2.52015 1 2 3 54 
Tx 2.52015 1 2 3 54 
Tx 2.52015 1 2 3 54 
Tx 2.52015 1 2 3 54 
Tx 2.52015 1 2 3 54 
Tx 2.52015 1 2 3 54 
Tx 2.52015 1 2 3 54 
Tx 2.52015 1 2 3 54 
Tx 2.52015 1 2 3 54 
Rx 2.52019 1 1 3 1554 2137440
Rx 2.52019 1 1 3 1554 2137440
Rx 2.52019 1 1 3 1554 2137440
Rx 2.52019 1 1 3 1554 2137440
Rx 2.52019 1 1 3 1554 2137440
Rx 2.52019 1 1 3 1554 2137440
Rx 2.52019 1 1 3 1554 2137440
Rx 2.52019 1 1 3 1554 2137440
Rx 2.52019 1 1 3 1554 2137440
Rx 2.52019 1 1 3 1554 2137440
Rx 2.52027 1 1 3 1554 2224960
Rx 2.52027 1 1 3 1554 2224960
Rx 2.52027 1 1 3 1554 2224960
Rx 2.52027 1 1 3 1554 2224960
Rx 2.52027 1 1 3 1554 2224960
Rx 2.52027 1 1 3 1554 2224960
Rx 2.52027 1 1 3 1554 2224960
Tx 2.52035 1 2 3 54 
Tx 2.52035 1 2 3 54 
Tx 2.52035 1 2 3 54 
Tx 2.52035 1 2 3 54 
Tx 2.52035 1 2 3 54 
Tx 2.52035 1 2 3 54 
Tx 2.52035 1 2 3 54 
Tx 2.52035 1 2 3 54 
Rx 2.52038 1 1 3 1554 2333280
Rx 2.52038 1 1 3 1554 2333280
Rx 2.52038 1 1 3 1554 2333280
Rx 2.52038 1 1 3 1554 2333280
Rx 2.52038 1 1 3 1554 2333280
Rx 2.52038 1 1 3 1554 2333280
Rx 2.52038 1 1 3 1554 2333280
Rx 2.52038 1 1 3 1554 2333280
Tx 2.52045 1 2 3 54 
Tx 2.52045 1 2 3 54 
Tx 2.52045 1 2 3 54 
Tx 2.52045 1 2 3 54 
Tx 2.52045 1 2 3 54 
Tx 2.52045 1 2 3 54 
Tx 2.52045 1 2 3 54 
Tx 2.52045 1 2 3 54 
Tx 2.52045 1 2 3 54 
Tx 2.52045 1 2 3 54 
Tx 2.52045 1 2 3 54 
Rx 2.52049 1 1 3 1554 2437440
Rx 2.52049 1 1 3 1554 2437440
Rx 2.52049 1 1 3 1554 2437440
Rx 2.52049 1 1 3 1554 2437440
Rx 2.52049 1 1 3 1554 2437440
Rx 2.52049 1 1 3 1554 2437440
Rx 2.52049 1 1 3 1554 2437440
Rx 2.52049 1 1 3 1554 2437440
Rx 2.52049 1 1 3 1554 2437440
Rx 2.52049 1 1 3 1554 2437440
Rx 2.5205 1 2 3 54 554080
Rx 2.5205 1 2 3 54 554080
Rx 2.5205 1 2 3 54 554080
Rx 2.5205 1 2 3 54 554080
Rx 2.5205 1 2 3 54 554080
Rx 2.5205 1 2 3 54 554080
Rx 2.5205 1 2 3 54 554080
Rx 2.5205 1 2 3 54 554080
Rx 2.5205 1 2 3 54 554080
Rx 2.5205 1 2 3 54 554080
Rx 2.5205 1 2 3 54 554080
Rx 2.5205 1 2 3 54 458240
Rx 2.5205 1 2 3 54 458240
Rx 2.5205 1 2 3 54 458240
Rx 2.5205 1 2 3 54 458240
Rx 2.5205 1 2 3 54 458240
Rx 2.5205 1 2 3 54 458240
Rx 2.5205 1 2 3 54 458240
Rx 2.5205 1 2 3 54 458240
Rx 2.5205 1 2 3 54 458240
Rx 2.5205 1 2 3 54 349920
Rx 2.5205 1 2 3 54 349920
Rx 2.5205 1 2 3 54 349920
Rx 2.5205 1 2 3 54 349920
Rx 2.5205 1 2 3 54 349920
Rx 2.5205 1 2 3 54 349920
Rx 2.5205 1 2 3 54 349920
Rx 2.5205 1 2 3 54 349920
Rx 2.5205 1 2 3 54 349920
Rx 2.5205 1 2 3 54 349920
Tx 2.52055 1 2 3 54 
Tx 2.52055 1 2 3 54 
Tx 2.52055 1 2 3 54 
Tx 2.52055 1 2 3 54 
Tx 2.52055 1 2 3 54 
Tx 2.52055 1 2 3 54 
Tx 2.52055 1 2 3 54 
Tx 2.52055 1 2 3 54 
Tx 2.52055 1 2 3 54 
Tx 2.52055 1 2 3 54 
Rx 2.52059 1 1 3 1554 2541600
Rx 2.52059 1 1 3 1554 2541600
Rx 2.52059 1 1 3 1554 2541600
Rx 2.52059 1 1 3 1554 2541600
Rx 2.52059 1 1 3 1554 2541600
Rx 2.52059 1 1 3 1554 2541600
Rx 2.52059 1 1 3 1554 2541600
Rx 2.52059 1 1 3 1554 2541600
Rx 2.52059 1 1 3 1554 2541600
Rx 2.52059 1 1 3 1554 2541600
Rx 2.52059 1 1 3 1554 2541600
Tx 2.52065 1 2 3 54 
Tx 2.52065 1 2 3 54 
Tx 2.52065 1 2 3 54 
Tx 2.52065 1 2 3 54 
Tx 2.52065 1 2 3 54 
Tx 2.52065 1 2 3 54 
Tx 2.52065 1 2 3 54 
Tx 2.52065 1 2 3 54 
Tx 2.52065 1 2 3 54 
Tx 2.52065 1 2 3 54 
Rx 2.52069 1 1 3 1554 2637440
Rx 2.52069 1 1 3 1554 2637440
Rx 2.52069 1 1 3 1554 2637440
Rx 2.52069 1 1 3 1554 2637440
Rx 2.52069 1 1 3 1554 2637440
Rx 2.52069 1 1 3 1554 2637440
Rx 2.52069 1 1 3 1554 2637440
Rx 2.52069 1 1 3 1554 2637440
Rx 2.52069 1 1 3 1554 2637440
Rx 2.52069 1 1 3 1554 2637440
Tx 2.52074 1 2 3 54 
Tx 2.52074 1 2 3 54 
Tx 2.52074 1 2 3 54 
Tx 2.52074 1 2 3 54 
Tx 2.52074 1 2 3 54 
Tx 2.52074 1 2 3 54 
Tx 2.52074 1 2 3 54 
Tx 2.52074 1 2 3 54 
Tx 2.52074 1 2 3 54 
Rx 2.52078 1 1 3 1554 2729120
Rx 2.52078 1 1 3 1554 2729120
Rx 2.52078 1 1 3 1554 2729120
Rx 2.52078 1 1 3 1554 2729120
Rx 2.52078 1 1 3 1554 2729120
Rx 2.52078 1 1 3 1554 2729120
Rx 2.52078 1 1 3 1554 2729120
Rx 2.52078 1 1 3 1554 2729120
Rx 2.52078 1 1 3 1554 2729120
Tx 2.52085 1 2 3 54 
Tx 2.52085 1 2 3 54 
Tx 2.52085 1 2 3 54 
Tx 2.52085 1 2 3 54 
Tx 2.52085 1 2 3 54 
Tx 2.52085 1 2 3 54 
Tx 2.52085 1 2 3 54 
Tx 2.52085 1 2 3 54 
Tx 2.52085 1 2 3 54 
Tx 2.52085 1 2 3 54 
Tx 2.52085 1 2 3 54 
Rx 2.52089 1 1 3 1554 2837440
Rx 2.52089 1 1 3 1554 2837440
Rx 2.52089 1 1 3 1554 2837440
Rx 2.52089 1 1 3 1554 2837440
Rx 2.52089 1 1 3 1554 2837440
Rx 2.52089 1 1 3 1554 2837440
Rx 2.52089 1 1 3 1554 2837440
Rx 2.52089 1 1 3 1554 2837440
Rx 2.52089 1 1 3 1554 2837440
Rx 2.52089 1 1 3 1554 2837440
Rx 2.52089 1 2 3 54 541600
Rx 2.52089 1 2 3 54 541600
Rx 2.52089 1 2 3 54 541600
Rx 2.52089 1 2 3 54 541600
Rx 2.52089 1 2 3 54 541600
Rx 2.52089 1 2 3 54 541600
Rx 2.52089 1 2 3 54 541600
Rx 2.52089 1 2 3 54 541600
Rx 2.52089 1 2 3 54 445760
Rx 2.52089 1 2 3 54 445760
Rx 2.52089 1 2 3 54 445760
Rx 2.52089 1 2 3 54 445760
Rx 2.52089 1 2 3 54 445760
Rx 2.52089 1 2 3 54 445760
Rx 2.52089 1 2 3 54 445760
Rx 2.52089 1 2 3 54 445760
Rx 2.52089 1 2 3 54 445760
Rx 2.52089 1 2 3 54 445760
Rx 2.52089 1 2 3 54 445760
Rx 2.52089 1 2 3 54 341600
Rx 2.52089 1 2 3 54 341600
Rx 2.52089 1 2 3 54 341600
Rx 2.52089 1 2 3 54 341600
Rx 2.52089 1 2 3 54 341600
Rx 2.52089 1 2 3 54 341600
Rx 2.52089 1 2 3 54 341600
Rx 2.52089 1 2 3 54 341600
Rx 2.52089 1 2 3 54 341600
Rx 2.52089 1 2 3 54 341600
Rx 2.52089 1 2 3 54 245760
Rx 2.52089 1 2 3 54 245760
Rx 2.52089 1 2 3 54 245760
Rx 2.52089 1 2 3 54 245760
Rx 2.52089 1 2 3 54 245760
Rx 2.52089 1 2 3 54 245760
Rx 2.52089 1 2 3 54 245760
Rx 2.52089 1 2 3 54 245760
Rx 2.52089 1 2 3 54 245760
Rx 2.52089 1 2 3 54 245760
Tx 2.52095 1 2 3 54 
Tx 2.52095 1 2 3 54 
Tx 2.52095 1 2 3 54 
Tx 2.52095 1 2 3 54 
Tx 2.52095 1 2 3 54 
Tx 2.52095 1 2 3 54 
Tx 2.52095 1 2 3 54 
Tx 2.52095 1 2 3 54 
Tx 2.52095 1 2 3 54 
Tx 2.52095 1 2 3 54 
Rx 2.52099 1 1 3 1554 2937440
Rx 2.52099 1 1 3 1554 2937440
Rx 2.52099 1 1 3 1554 2937440
Rx 2.52099 1 1 3 1554 2937440
Rx 2.52099 1 1 3 1554 2937440
Rx 2.52099 1 1 3 1554 2937440
Rx 2.52099 1 1 3 1554 2937440
Rx 2.52099 1 1 3 1554 2937440
Rx 2.52099 1 1 3 1554 2937440
Rx 2.52099 1 1 3 1554 2937440
Rx 2.52099 1 1 3 1554 2937440
Tx 2.52105 1 2 3 54 
Tx 2.52105 1 2 3 54 
Tx 2.52105 1 2 3 54 
Tx 2.52105 1 2 3 54 
Tx 2.52105 1 2 3 54 
Tx 2.52105 1 2 3 54 
Tx 2.52105 1 2 3 54 
Tx 2.52115 1 2 3 54 
Tx 2.52115 1 2 3 54 
Tx 2.52115 1 2 3 54 
Tx 2.52115 1 2 3 54 
Tx 2.52115 1 2 3 54 
Tx 2.52115 1 2 3 54 
Tx 2.52115 1 2 3 54 
Tx 2.52115 1 2 3 54 
Rx 2.52118 1 1 3 1554 3129120
Rx 2.52118 1 1 3 1554 3129120
Rx 2.52118 1 1 3 1554 3129120
Rx 2.52118 1 1 3 1554 3129120
Rx 2.52118 1 1 3 1554 3129120
Rx 2.52118 1 1 3 1554 3129120
Rx 2.52118 1 1 3 1554 3129120
Rx 2.52118 1 1 3 1554 3129120
Rx 2.52129 1 1 3 1554 3237440
Rx 2.52129 1 1 3 1554 3237440
Rx 2.52129 1 1 3 1554 3237440
Rx 2.52129 1 1 3 1554 3237440
Rx 2.52129 1 1 3 1554 3237440
Rx 2.52129 1 1 3 1554 3174880
Rx 2.52129 1 1 3 1554 3174880
Rx 2.52129 1 1 3 1554 3174880
Rx 2.52129 1 1 3 1554 3174880
Rx 2.5213 1 2 3 54 554080
Rx 2.5213 1 2 3 54 554080
Rx 2.5213 1 2 3 54 554080
Rx 2.5213 1 2 3 54 554080
Rx 2.5213 1 2 3 54 554080
Rx 2.5213 1 2 3 54 554080
Rx 2.5213 1 2 3 54 554080
Rx 2.5213 1 2 3 54 554080
Rx 2.5213 1 2 3 54 554080
Rx 2.5213 1 2 3 54 449920
Rx 2.5213 1 2 3 54 449920
Rx 2.5213 1 2 3 54 449920
Rx 2.5213 1 2 3 54 449920
Rx 2.5213 1 2 3 54 449920
Rx 2.5213 1 2 3 54 449920
Rx 2.5213 1 2 3 54 449920
Rx 2.5213 1 2 3 54 449920
Rx 2.5213 1 2 3 54 449920
Rx 2.5213 1 2 3 54 449920
Rx 2.5213 1 2 3 54 449920
Rx 2.5213 1 2 3 54 349920
Rx 2.5213 1 2 3 54 349920
Rx 2.5213 1 2 3 54 349920
Rx 2.5213 1 2 3 54 349920
Rx 2.5213 1 2 3 54 349920
Rx 2.5213 1 2 3 54 349920
Rx 2.5213 1 2 3 54 349920
Rx 2.5213 1 2 3 54 349920
Rx 2.5213 1 2 3 54 349920
Rx 2.5213 1 2 3 54 349920
Rx 2.5213 1 2 3 54 249920
Rx 2.5213 1 2 3 54 249920
Rx 2.5213 1 2 3 54 249920
Rx 2.5213 1 2 3 54 249920
Rx 2.5213 1 2 3 54 249920
Rx 2.5213 1 2 3 54 249920
Rx 2.5213 1 2 3 54 249920
Tx 2.52135 1 2 3 54 
Tx 2.52135 1 2 3 54 
Tx 2.52135 1 2 3 54 
Tx 2.52135 1 2 3 54 
Tx 2.52135 1 2 3 54 
Tx 2.52135 1 2 3 54 
Tx 2.52135 1 2 3 54 
Tx 2.52135 1 2 3 54 
Tx 2.52135 1 2 3 54 
Tx 2.52135 1 2 3 54 
Rx 2.52139 1 1 3 1554 2870720
Rx 2.52139 1 1 3 1554 2870720
Rx 2.52139 1 1 3 1554 2870720
Rx 2.52139 1 1 3 1554 2870720
Rx 2.52139 1 1 3 1554 2870720
Rx 2.52139 1 1 3 1554 2870720
Rx 2.52139 1 1 3 1554 2870720
Rx 2.52139 1 1 3 1554 2870720
Rx 2.52139 1 1 3 1554 2870720
Rx 2.52139 1 1 3 1554 2870720
Tx 2.52144 1 2 3 54 
Tx 2.52144 1 2 3 54 
Tx 2.52144 1 2 3 54 
Tx 2.52144 1 2 3 54 
Tx 2.52144 1 2 3 54 
Tx 2.52144 1 2 3 54 
Tx 2.52144 1 2 3 54 
Tx 2.52144 1 2 3 54 
Rx 2.52147 1 1 3 1554 2958240
Rx 2.52147 1 1 3 1554 2958240
Rx 2.52147 1 1 3 1554 2958240
Rx 2.52147 1 1 3 1554 2958240
Rx 2.52147 1 1 3 1554 2958240
Rx 2.52147 1 1 3 1554 2958240
Rx 2.52147 1 1 3 1554 2958240
Rx 2.52147 1 1 3 1554 2958240
Tx 2.52154 1 2 3 54 
Tx 2.52154 1 2 3 54 
Tx 2.52154 1 2 3 54 
Tx 2.52154 1 2 3 54 
Tx 2.52154 1 2 3 54 
Tx 2.52154 1 2 3 54 
Tx 2.52154 1 2 3 54 
Tx 2.52154 1 2 3 54 
Tx 2.52154 1 2 3 54 
Rx 2.52158 1 1 3 1554 3062400
Rx 2.52158 1 1 3 1554 3062400
Rx 2.52158 1 1 3 1554 3062400
Rx 2.52158 1 1 3 1554 3062400
Rx 2.52158 1 1 3 1554 3062400
Rx 2.52158 1 1 3 1554 3062400
Rx 2.52158 1 1 3 1554 3062400
Rx 2.52158 1 1 3 1554 3062400
Rx 2.52158 1 1 3 1554 3062400
Tx 2.52165 1 2 3 54 
Tx 2.52165 1 2 3 54 
Tx 2.52165 1 2 3 54 
Tx 2.52165 1 2 3 54 
Tx 2.52165 1 2 3 54 
Tx 2.52165 1 2 3 54 
Tx 2.52165 1 2 3 54 
Tx 2.52165 1 2 3 54 
Tx 2.52165 1 2 3 54 
Tx 2.52165 1 2 3 54 
Tx 2.52165 1 2 3 54 
Tx 2.52165 1 2 3 54 
Rx 2.52169 1 1 3 1554 3179040
Rx 2.52169 1 1 3 1554 3179040
Rx 2.52169 1 1 3 1554 3179040
Rx 2.52169 1 1 3 1554 3179040
Rx 2.52169 1 1 3 1554 3179040
Rx 2.52169 1 1 3 1554 3179040
Rx 2.52169 1 1 3 1554 3179040
Rx 2.52169 1 1 3 1554 3179040
Rx 2.52169 1 1 3 1554 3179040
Rx 2.52169 1 1 3 1554 3179040
Rx 2.52169 1 1 3 1554 3179040
Rx 2.52169 1 1 3 1554 3179040
Rx 2.5217 1 2 3 54 549920
Rx 2.5217 1 2 3 54 549920
Rx 2.5217 1 2 3 54 549920
Rx 2.5217 1 2 3 54 549920
Rx 2.5217 1 2 3 54 549920
Rx 2.5217 1 2 3 54 549920
Rx 2.5217 1 2 3 54 549920
Rx 2.5217 1 2 3 54 549920
Rx 2.5217 1 2 3 54 349920
Rx 2.5217 1 2 3 54 349920
Rx 2.5217 1 2 3 54 349920
Rx 2.5217 1 2 3 54 349920
Rx 2.5217 1 2 3 54 349920
Rx 2.5217 1 2 3 54 349920
Rx 2.5217 1 2 3 54 349920
Rx 2.5217 1 2 3 54 349920
Rx 2.5217 1 2 3 54 349920
Rx 2.5217 1 2 3 54 349920
Rx 2.5217 1 2 3 54 254080
Rx 2.5217 1 2 3 54 254080
Rx 2.5217 1 2 3 54 254080
Rx 2.5217 1 2 3 54 254080
Rx 2.5217 1 2 3 54 254080
Rx 2.5217 1 2 3 54 254080
Rx 2.5217 1 2 3 54 254080
Rx 2.5217 1 2 3 54 254080
Tx 2.52175 1 2 3 54 
Tx 2.52175 1 2 3 54 
Tx 2.52175 1 2 3 54 
Tx 2.52175 1 2 3 54 
Tx 2.52175 1 2 3 54 
Tx 2.52175 1 2 3 54 
Tx 2.52175 1 2 3 54 
Tx 2.52175 1 2 3 54 
Tx 2.52175 1 2 3 54 
Tx 2.52175 1 2 3 54 
Tx 2.52175 1 2 3 54 
Rx 2.52179 1 1 3 1554 3279040
Rx 2.52179 1 1 3 1554 3279040
Rx 2.52179 1 1 3 1554 3279040
Rx 2.52179 1 1 3 1554 3279040
Rx 2.52179 1 1 3 1554 3279040
Rx 2.52179 1 1 3 1554 3279040
Rx 2.52179 1 1 3 1554 3279040
Rx 2.52179 1 1 3 1554 3279040
Rx 2.52179 1 1 3 1554 3279040
Rx 2.52179 1 1 3 1554 3279040
Rx 2.52179 1 1 3 1554 3279040
Rx 2.52179 1 1 3 1554 3279040
Tx 2.52184 1 2 3 54 
Tx 2.52184 1 2 3 54 
Tx 2.52184 1 2 3 54 
Tx 2.52184 1 2 3 54 
Tx 2.52184 1 2 3 54 
Tx 2.52184 1 2 3 54 
Tx 2.52184 1 2 3 54 
Tx 2.52184 1 2 3 54 
Tx 2.52184 1 2 3 54 
Tx 2.52184 1 2 3 54 
Rx 2.5219 1 1 3 1554 3383200
Rx 2.5219 1 1 3 1554 3383200
Rx 2.5219 1 1 3 1554 3383200
Rx 2.5219 1 1 3 1554 3383200
Rx 2.5219 1 1 3 1554 3383200
Rx 2.5219 1 1 3 1554 3383200
Rx 2.5219 1 1 3 1554 3383200
Rx 2.5219 1 1 3 1554 3383200
Rx 2.5219 1 1 3 1554 3383200
Rx 2.5219 1 1 3 1554 3383200
Rx 2.5219 1 1 3 1554 3383200
Rx 2.5219 1 1 3 1554 3383200
Tx 2.52194 1 2 3 54 
Tx 2.52194 1 2 3 54 
Tx 2.52194 1 2 3 54 
Tx 2.52194 1 2 3 54 
Tx 2.52194 1 2 3 54 
Tx 2.52194 1 2 3 54 
Tx 2.52194 1 2 3 54 
Tx 2.52194 1 2 3 54 
Tx 2.52194 1 2 3 54 
Tx 2.52194 1 2 3 54 
Tx 2.52194 1 2 3 54 
Rx 2.52199 1 1 3 1554 3470720
Rx 2.52199 1 1 3 1554 3470720
Rx 2.52199 1 1 3 1554 3470720
Rx 2.52199 1 1 3 1554 3470720
Rx 2.52199 1 1 3 1554 3470720
Rx 2.52199 1 1 3 1554 3470720
Rx 2.52199 1 1 3 1554 3470720
Rx 2.52199 1 1 3 1554 3470720
Rx 2.52199 1 1 3 1554 3470720
Rx 2.52199 1 1 3 1554 3470720
Rx 2.52199 1 1 3 1554 3470720
Tx 2.52204 1 2 3 54 
Tx 2.52204 1 2 3 54 
Tx 2.52204 1 2 3 54 
Tx 2.52204 1 2 3 54 
Tx 2.52204 1 2 3 54 
Tx 2.52204 1 2 3 54 
Tx 2.52204 1 2 3 54 
Tx 2.52204 1 2 3 54 
Tx 2.52204 1 2 3 54 
Rx 2.52206 1 2 3 54 512480
Rx 2.52206 1 2 3 54 512480
Rx 2.52206 1 2 3 54 512480
Rx 2.52206 1 2 3 54 512480
Rx 2.52206 1 2 3 54 512480
Rx 2.52206 1 2 3 54 512480
Rx 2.52206 1 2 3 54 512480
Rx 2.52206 1 2 3 54 512480
Rx 2.52206 1 2 3 54 512480
Rx 2.52206 1 2 3 54 404160
Rx 2.52206 1 2 3 54 404160
Rx 2.52206 1 2 3 54 404160
Rx 2.52206 1 2 3 54 404160
Rx 2.52206 1 2 3 54 404160
Rx 2.52206 1 2 3 54 404160
Rx 2.52206 1 2 3 54 404160
Rx 2.52206 1 2 3 54 404160
Rx 2.52206 1 2 3 54 404160
Rx 2.52206 1 2 3 54 404160
Rx 2.52206 1 2 3 54 404160
Rx 2.52206 1 2 3 54 404160
Rx 2.52206 1 2 3 54 308320
Rx 2.52206 1 2 3 54 308320
Rx 2.52206 1 2 3 54 308320
Rx 2.52206 1 2 3 54 308320
Rx 2.52206 1 2 3 54 308320
Rx 2.52206 1 2 3 54 308320
Rx 2.52206 1 2 3 54 308320
Rx 2.52206 1 2 3 54 308320
Rx 2.52206 1 2 3 54 308320
Rx 2.52206 1 2 3 54 308320
Rx 2.52206 1 2 3 54 308320
Rx 2.52206 1 2 3 54 212480
Rx 2.52206 1 2 3 54 212480
Rx 2.52206 1 2 3 54 212480
Rx 2.52206 1 2 3 54 212480
Rx 2.52206 1 2 3 54 212480
Rx 2.52206 1 2 3 54 212480
Rx 2.52206 1 2 3 54 212480
Rx 2.52206 1 2 3 54 212480
Rx 2.52206 1 2 3 54 212480
Rx 2.52206 1 2 3 54 212480
Tx 2.52215 1 2 3 54 
Tx 2.52215 1 2 3 54 
Tx 2.52215 1 2 3 54 
Tx 2.52215 1 2 3 54 
Tx 2.52215 1 2 3 54 
Tx 2.52215 1 2 3 54 
Tx 2.52215 1 2 3 54 
Tx 2.52215 1 2 3 54 
Tx 2.52215 1 2 3 54 
Tx 2.52215 1 2 3 54 
Rx 2.52219 1 1 3 1554 3670720
Rx 2.52219 1 1 3 1554 3670720
Rx 2.52219 1 1 3 1554 3670720
Rx 2.52219 1 1 3 1554 3670720
Rx 2.52219 1 1 3 1554 3670720
Rx 2.52219 1 1 3 1554 3670720
Rx 2.52219 1 1 3 1554 3670720
Rx 2.52219 1 1 3 1554 3670720
Rx 2.52219 1 1 3 1554 3670720
Rx 2.52219 1 1 3 1554 3670720
Rx 2.52219 1 1 3 1554 3474880
Rx 2.52227 1 1 3 1554 3562400
Rx 2.52227 1 1 3 1554 3562400
Rx 2.52227 1 1 3 1554 3562400
Rx 2.52227 1 1 3 1554 3562400
Rx 2.52227 1 1 3 1554 3562400
Rx 2.52227 1 1 3 1554 3562400
Tx 2.52235 1 2 3 54 
Tx 2.52235 1 2 3 54 
Tx 2.52235 1 2 3 54 
Tx 2.52235 1 2 3 54 
Tx 2.52235 1 2 3 54 
Tx 2.52235 1 2 3 54 
Tx 2.52235 1 2 3 54 
Tx 2.52235 1 2 3 54 
Rx 2.52238 1 1 3 1554 3670720
Rx 2.52238 1 1 3 1554 3670720
Rx 2.52238 1 1 3 1554 3670720
Rx 2.52238 1 1 3 1554 3670720
Rx 2.52238 1 1 3 1554 3670720
Rx 2.52238 1 1 3 1554 3670720
Rx 2.52238 1 1 3 1554 3670720
Rx 2.52238 1 1 3 1554 3670720
Tx 2.52245 1 2 3 54 
Tx 2.52245 1 2 3 54 
Tx 2.52245 1 2 3 54 
Tx 2.52245 1 2 3 54 
Tx 2.52245 1 2 3 54 
Tx 2.52245 1 2 3 54 
Tx 2.52245 1 2 3 54 
Tx 2.52245 1 2 3 54 
Tx 2.52245 1 2 3 54 
Tx 2.52245 1 2 3 54 
Rx 2.52249 1 1 3 1554 3774880
Rx 2.52249 1 1 3 1554 3774880
Rx 2.52249 1 1 3 1554 3774880
Rx 2.52249 1 1 3 1554 3774880
Rx 2.52249 1 1 3 1554 3774880
Rx 2.52249 1 1 3 1554 3674880
Rx 2.52249 1 1 3 1554 3674880
Rx 2.52249 1 1 3 1554 3674880
Rx 2.52249 1 1 3 1554 3674880
Rx 2.52249 1 1 3 1554 3674880
Rx 2.52249 1 1 3 1554 3674880
Rx 2.5225 1 2 3 54 554080
Rx 2.5225 1 2 3 54 554080
Rx 2.5225 1 2 3 54 554080
Rx 2.5225 1 2 3 54 554080
Rx 2.5225 1 2 3 54 554080
Rx 2.5225 1 2 3 54 554080
Rx 2.5225 1 2 3 54 554080
Rx 2.5225 1 2 3 54 554080
Rx 2.5225 1 2 3 54 554080
Rx 2.5225 1 2 3 54 554080
Rx 2.5225 1 2 3 54 554080
Rx 2.5225 1 2 3 54 458240
Rx 2.5225 1 2 3 54 458240
Rx 2.5225 1 2 3 54 458240
Rx 2.5225 1 2 3 54 458240
Rx 2.5225 1 2 3 54 458240
Rx 2.5225 1 2 3 54 458240
Rx 2.5225 1 2 3 54 458240
Rx 2.5225 1 2 3 54 458240
Rx 2.5225 1 2 3 54 458240
Rx 2.5225 1 2 3 54 349920
Rx 2.5225 1 2 3 54 349920
Rx 2.5225 1 2 3 54 349920
Rx 2.5225 1 2 3 54 349920
Rx 2.5225 1 2 3 54 349920
Rx 2.5225 1 2 3 54 349920
Rx 2.5225 1 2 3 54 349920
Rx 2.5225 1 2 3 54 349920
Rx 2.5225 1 2 3 54 349920
Rx 2.5225 1 2 3 54 349920
Tx 2.52255 1 2 3 54 
Tx 2.52255 1 2 3 54 
Tx 2.52255 1 2 3 54 
Tx 2.52255 1 2 3 54 
Tx 2.52255 1 2 3 54 
Tx 2.52255 1 2 3 54 
Tx 2.52255 1 2 3 54 
Tx 2.52255 1 2 3 54 
Tx 2.52255 1 2 3 54 
Tx 2.52255 1 2 3 54 
Tx 2.52255 1 2 3 54 
Rx 2.52259 1 1 3 1554 3779040
Rx 2.52259 1 1 3 1554 3779040
Rx 2.52259 1 1 3 1554 3779040
Rx 2.52259 1 1 3 1554 3779040
Rx 2.52259 1 1 3 1554 3779040
Rx 2.52259 1 1 3 1554 3779040
Rx 2.52259 1 1 3 1554 3779040
Rx 2.52259 1 1 3 1554 3779040
Rx 2.52259 1 1 3 1554 3779040
Rx 2.52259 1 1 3 1554 3779040
Tx 2.52265 1 2 3 54 
Tx 2.52265 1 2 3 54 
Tx 2.52265 1 2 3 54 
Tx 2.52265 1 2 3 54 
Tx 2.52265 1 2 3 54 
Tx 2.52265 1 2 3 54 
Tx 2.52265 1 2 3 54 
Tx 2.52265 1 2 3 54 
Tx 2.52265 1 2 3 54 
Tx 2.52265 1 2 3 54 
Rx 2.52269 1 1 3 1554 3874880
Rx 2.52269 1 1 3 1554 3874880
Rx 2.52269 1 1 3 1554 3874880
Rx 2.52269 1 1 3 1554 3874880
Rx 2.52269 1 1 3 1554 3874880
Rx 2.52269 1 1 3 1554 3874880
Rx 2.52269 1 1 3 1554 3874880
Rx 2.52269 1 1 3 1554 3874880
Rx 2.52269 1 1 3 1554 3874880
Rx 2.52269 1 1 3 1554 3874880
Tx 2.52274 1 2 3 54 
Tx 2.52274 1 2 3 54 
Tx 2.52274 1 2 3 54 
Tx 2.52274 1 2 3 54 
Tx 2.52274 1 2 3 54 
Tx 2.52274 1 2 3 54 
Tx 2.52274 1 2 3 54 
Tx 2.52274 1 2 3 54 
Tx 2.52274 1 2 3 54 
Tx 2.52274 1 2 3 54 
Rx 2.52278 1 1 3 1554 3970720
Rx 2.52278 1 1 3 1554 3970720
Rx 2.52278 1 1 3 1554 3970720
Rx 2.52278 1 1 3 1554 3970720
Rx 2.52278 1 1 3 1554 3970720
Rx 2.52278 1 1 3 1554 3970720
Rx 2.52278 1 1 3 1554 3970720
Rx 2.52278 1 1 3 1554 3970720
Rx 2.52278 1 1 3 1554 3970720
Rx 2.52278 1 1 3 1554 3970720
Rx 2.52278 1 1 3 1554 3970720
Tx 2.52285 1 2 3 54 
Tx 2.52285 1 2 3 54 
Tx 2.52285 1 2 3 54 
Tx 2.52285 1 2 3 54 
Tx 2.52285 1 2 3 54 
Tx 2.52285 1 2 3 54 
Tx 2.52285 1 2 3 54 
Tx 2.52285 1 2 3 54 
Tx 2.52285 1 2 3 54 
Tx 2.52285 1 2 3 54 
Tx 2.52285 1 2 3 54 
Rx 2.52289 1 1 3 1554 4074880
Rx 2.52289 1 1 3 1554 3974880
Rx 2.52289 1 1 3 1554 3974880
Rx 2.52289 1 1 3 1554 3470720
Rx 2.52289 1 1 3 1554 3470720
Rx 2.52289 1 1 3 1554 3470720
Rx 2.52289 1 1 3 1554 3470720
Rx 2.52289 1 1 3 1554 3470720
Rx 2.52289 1 1 3 1554 3470720
Rx 2.52289 1 1 3 1554 3470720
Rx 2.52289 1 2 3 54 541600
Rx 2.52289 1 2 3 54 541600
Rx 2.52289 1 2 3 54 541600
Rx 2.52289 1 2 3 54 541600
Rx 2.52289 1 2 3 54 541600
Rx 2.52289 1 2 3 54 541600
Rx 2.52289 1 2 3 54 541600
Rx 2.52289 1 2 3 54 541600
Rx 2.52289 1 2 3 54 445760
Rx 2.52289 1 2 3 54 445760
Rx 2.52289 1 2 3 54 445760
Rx 2.52289 1 2 3 54 445760
Rx 2.52289 1 2 3 54 445760
Rx 2.52289 1 2 3 54 445760
Rx 2.52289 1 2 3 54 445760
Rx 2.52289 1 2 3 54 445760
Rx 2.52289 1 2 3 54 445760
Rx 2.52289 1 2 3 54 445760
Rx 2.52289 1 2 3 54 341600
Rx 2.52289 1 2 3 54 341600
Rx 2.52289 1 2 3 54 341600
Rx 2.52289 1 2 3 54 341600
Rx 2.52289 1 2 3 54 341600
Rx 2.52289 1 2 3 54 341600
Rx 2.52289 1 2 3 54 341600
Rx 2.52289 1 2 3 54 341600
Rx 2.52289 1 2 3 54 341600
Rx 2.52289 1 2 3 54 341600
Rx 2.52289 1 2 3 54 341600
Rx 2.52289 1 2 3 54 245760
Rx 2.52289 1 2 3 54 245760
Rx 2.52289 1 2 3 54 245760
Rx 2.52289 1 2 3 54 245760
Rx 2.52289 1 2 3 54 245760
Rx 2.52289 1 2 3 54 245760
Rx 2.52289 1 2 3 54 245760
Rx 2.52289 1 2 3 54 245760
Rx 2.52289 1 2 3 54 245760
Rx 2.52289 1 2 3 54 245760
Tx 2.52295 1 2 3 54 
Tx 2.52295 1 2 3 54 
Tx 2.52295 1 2 3 54 
Tx 2.52295 1 2 3 54 
Tx 2.52295 1 2 3 54 
Tx 2.52295 1 2 3 54 
Tx 2.52295 1 2 3 54 
Tx 2.52295 1 2 3 54 
Tx 2.52295 1 2 3 54 
Tx 2.52295 1 2 3 54 
Rx 2.52299 1 1 3 1554 3570720
Rx 2.52299 1 1 3 1554 3570720
Rx 2.52299 1 1 3 1554 3570720
Rx 2.52299 1 1 3 1554 3570720
Rx 2.52299 1 1 3 1554 3570720
Rx 2.52299 1 1 3 1554 3570720
Rx 2.52299 1 1 3 1554 3570720
Rx 2.52299 1 1 3 1554 3570720
Rx 2.52299 1 1 3 1554 3570720
Rx 2.52299 1 1 3 1554 3570720
Tx 2.52305 1 2 3 54 
Tx 2.52305 1 2 3 54 
Tx 2.52305 1 2 3 54 
Tx 2.52305 1 2 3 54 
Tx 2.52305 1 2 3 54 
Tx 2.52305 1 2 3 54 
Tx 2.52305 1 2 3 54 
Tx 2.52315 1 2 3 54 
Tx 2.52315 1 2 3 54 
Tx 2.52315 1 2 3 54 
Tx 2.52315 1 2 3 54 
Tx 2.52315 1 2 3 54 
Tx 2.52315 1 2 3 54 
Tx 2.52315 1 2 3 54 
Tx 2.52315 1 2 3 54 
Rx 2.52318 1 1 3 1554 3762400
Rx 2.52318 1 1 3 1554 3762400
Rx 2.52318 1 1 3 1554 3762400
Rx 2.52318 1 1 3 1554 3762400
Rx 2.52318 1 1 3 1554 3762400
Rx 2.52318 1 1 3 1554 3762400
Rx 2.52318 1 1 3 1554 3762400
Rx 2.52318 1 1 3 1554 3762400
Rx 2.52329 1 1 3 1554 3870720
Rx 2.52329 1 1 3 1554 3870720
Rx 2.52329 1 1 3 1554 3870720
Rx 2.52329 1 1 3 1554 3870720
Rx 2.52329 1 1 3 1554 3870720
Rx 2.52329 1 1 3 1554 3870720
Rx 2.52329 1 1 3 1554 3870720
Rx 2.52329 1 1 3 1554 3870720
Rx 2.52329 1 1 3 1554 3870720
Rx 2.5233 1 2 3 54 554080
Rx 2.5233 1 2 3 54 554080
Rx 2.5233 1 2 3 54 554080
Rx 2.5233 1 2 3 54 554080
Rx 2.5233 1 2 3 54 554080
Rx 2.5233 1 2 3 54 554080
Rx 2.5233 1 2 3 54 554080
Rx 2.5233 1 2 3 54 554080
Rx 2.5233 1 2 3 54 554080
Rx 2.5233 1 2 3 54 554080
Rx 2.5233 1 2 3 54 449920
Rx 2.5233 1 2 3 54 449920
Rx 2.5233 1 2 3 54 449920
Rx 2.5233 1 2 3 54 449920
Rx 2.5233 1 2 3 54 449920
Rx 2.5233 1 2 3 54 449920
Rx 2.5233 1 2 3 54 449920
Rx 2.5233 1 2 3 54 449920
Rx 2.5233 1 2 3 54 449920
Rx 2.5233 1 2 3 54 449920
Rx 2.5233 1 2 3 54 449920
Rx 2.5233 1 2 3 54 349920
Rx 2.5233 1 2 3 54 349920
Rx 2.5233 1 2 3 54 349920
Rx 2.5233 1 2 3 54 349920
Rx 2.5233 1 2 3 54 349920
Rx 2.5233 1 2 3 54 349920
Rx 2.5233 1 2 3 54 349920
Rx 2.5233 1 2 3 54 349920
Rx 2.5233 1 2 3 54 349920
Rx 2.5233 1 2 3 54 349920
Rx 2.5233 1 2 3 54 249920
Rx 2.5233 1 2 3 54 249920
Rx 2.5233 1 2 3 54 249920
Rx 2.5233 1 2 3 54 249920
Rx 2.5233 1 2 3 54 249920
Rx 2.5233 1 2 3 54 249920
Rx 2.5233 1 2 3 54 249920
Tx 2.52335 1 2 3 54 
Tx 2.52335 1 2 3 54 
Tx 2.52335 1 2 3 54 
Tx 2.52335 1 2 3 54 
Tx 2.52335 1 2 3 54 
Tx 2.52335 1 2 3 54 
Tx 2.52335 1 2 3 54 
Tx 2.52335 1 2 3 54 
Tx 2.52335 1 2 3 54 
Tx 2.52335 1 2 3 54 
Rx 2.52339 1 1 3 1554 3970720
Rx 2.52339 1 1 3 1554 3970720
Rx 2.52339 1 1 3 1554 3970720
Rx 2.52339 1 1 3 1554 3970720
Rx 2.52339 1 1 3 1554 3970720
Rx 2.52339 1 1 3 1554 3970720
Rx 2.52339 1 1 3 1554 3970720
Rx 2.52339 1 1 3 1554 3970720
Rx 2.52339 1 1 3 1554 3970720
Rx 2.52339 1 1 3 1554 3970720
Rx 2.52339 1 1 3 1554 3970720
Tx 2.52344 1 2 3 54 
Tx 2.52344 1 2 3 54 
Tx 2.52344 1 2 3 54 
Tx 2.52344 1 2 3 54 
Tx 2.52344 1 2 3 54 
Tx 2.52344 1 2 3 54 
Tx 2.52344 1 2 3 54 
Tx 2.52344 1 2 3 54 
Rx 2.52347 1 1 3 1554 4058240
Rx 2.52347 1 1 3 1554 4058240
Rx 2.52347 1 1 3 1554 4058240
Rx 2.52347 1 1 3 1554 4058240
Rx 2.52347 1 1 3 1554 4058240
Rx 2.52347 1 1 3 1554 4058240
Rx 2.52347 1 1 3 1554 4058240
Rx 2.52347 1 1 3 1554 4058240
Tx 2.52354 1 2 3 54 
Tx 2.52354 1 2 3 54 
Tx 2.52354 1 2 3 54 
Tx 2.52354 1 2 3 54 
Tx 2.52354 1 2 3 54 
Tx 2.52354 1 2 3 54 
Tx 2.52354 1 2 3 54 
Tx 2.52354 1 2 3 54 
Tx 2.52354 1 2 3 54 
Rx 2.52358 1 1 3 1554 4162400
Rx 2.52358 1 1 3 1554 4162400
Rx 2.52358 1 1 3 1554 4162400
Rx 2.52358 1 1 3 1554 4162400
Rx 2.52358 1 1 3 1554 4162400
Rx 2.52358 1 1 3 1554 4162400
Rx 2.52358 1 1 3 1554 4162400
Rx 2.52358 1 1 3 1554 4162400
Rx 2.52358 1 1 3 1554 4162400
Tx 2.52365 1 2 3 54 
Tx 2.52365 1 2 3 54 
Tx 2.52365 1 2 3 54 
Tx 2.52365 1 2 3 54 
Tx 2.52365 1 2 3 54 
Tx 2.52365 1 2 3 54 
Tx 2.52365 1 2 3 54 
Tx 2.52365 1 2 3 54 
Tx 2.52365 1 2 3 54 
Tx 2.52365 1 2 3 54 
Tx 2.52365 1 2 3 54 
Tx 2.52365 1 2 3 54 
Rx 2.52369 1 1 3 1554 4279040
Rx 2.52369 1 1 3 1554 4279040
Rx 2.52369 1 1 3 1554 4279040
Rx 2.52369 1 1 3 1554 4279040
Rx 2.52369 1 1 3 1554 4279040
Rx 2.52369 1 1 3 1554 4279040
Rx 2.52369 1 1 3 1554 4279040
Rx 2.52369 1 1 3 1554 4279040
Rx 2.52369 1 1 3 1554 4279040
Rx 2.52369 1 1 3 1554 4279040
Rx 2.52369 1 1 3 1554 4279040
Rx 2.5237 1 2 3 54 549920
Rx 2.5237 1 2 3 54 549920
Rx 2.5237 1 2 3 54 549920
Rx 2.5237 1 2 3 54 549920
Rx 2.5237 1 2 3 54 549920
Rx 2.5237 1 2 3 54 549920
Rx 2.5237 1 2 3 54 549920
Rx 2.5237 1 2 3 54 549920
Rx 2.5237 1 2 3 54 349920
Rx 2.5237 1 2 3 54 349920
Rx 2.5237 1 2 3 54 349920
Rx 2.5237 1 2 3 54 349920
Rx 2.5237 1 2 3 54 349920
Rx 2.5237 1 2 3 54 349920
Rx 2.5237 1 2 3 54 349920
Rx 2.5237 1 2 3 54 349920
Rx 2.5237 1 2 3 54 349920
Rx 2.5237 1 2 3 54 349920
Rx 2.5237 1 2 3 54 254080
Rx 2.5237 1 2 3 54 254080
Rx 2.5237 1 2 3 54 254080
Rx 2.5237 1 2 3 54 254080
Rx 2.5237 1 2 3 54 254080
Rx 2.5237 1 2 3 54 254080
Rx 2.5237 1 2 3 54 254080
Rx 2.5237 1 2 3 54 254080
Tx 2.52375 1 2 3 54 
Tx 2.52375 1 2 3 54 
Tx 2.52375 1 2 3 54 
Tx 2.52375 1 2 3 54 
Tx 2.52375 1 2 3 54 
Tx 2.52375 1 2 3 54 
Tx 2.52375 1 2 3 54 
Tx 2.52375 1 2 3 54 
Tx 2.52375 1 2 3 54 
Tx 2.52375 1 2 3 54 
Tx 2.52375 1 2 3 54 
Rx 2.52379 1 1 3 1554 4379040
Rx 2.52379 1 1 3 1554 4379040
Rx 2.52379 1 1 3 1554 4379040
Rx 2.52379 1 1 3 1554 4283200
Rx 2.52379 1 1 3 1554 4283200
Rx 2.52379 1 1 3 1554 4283200
Rx 2.52379 1 1 3 1554 4283200
Rx 2.52379 1 1 3 1554 4283200
Rx 2.52379 1 1 3 1554 4283200
Rx 2.52379 1 1 3 1554 4283200
Rx 2.52379 1 1 3 1554 4283200
Rx 2.52379 1 1 3 1554 4283200
Rx 2.52379 1 1 3 1554 4283200
Tx 2.52384 1 2 3 54 
Tx 2.52384 1 2 3 54 
Tx 2.52384 1 2 3 54 
Tx 2.52384 1 2 3 54 
Tx 2.52384 1 2 3 54 
Tx 2.52384 1 2 3 54 
Tx 2.52384 1 2 3 54 
Tx 2.52384 1 2 3 54 
Tx 2.52384 1 2 3 54 
Tx 2.52384 1 2 3 54 
Tx 2.52384 1 2 3 54 
Rx 2.5239 1 1 3 1554 4387360
Rx 2.5239 1 1 3 1554 4387360
Rx 2.5239 1 1 3 1554 4387360
Rx 2.5239 1 1 3 1554 4387360
Rx 2.5239 1 1 3 1554 4387360
Rx 2.5239 1 1 3 1554 4387360
Rx 2.5239 1 1 3 1554 4387360
Rx 2.5239 1 1 3 1554 4387360
Rx 2.5239 1 1 3 1554 4387360
Rx 2.5239 1 1 3 1554 4387360
Rx 2.5239 1 1 3 1554 3849920
Tx 2.52394 1 2 3 54 
Tx 2.52394 1 2 3 54 
Tx 2.52394 1 2 3 54 
Tx 2.52394 1 2 3 54 
Tx 2.52394 1 2 3 54 
Tx 2.52394 1 2 3 54 
Tx 2.52394 1 2 3 54 
Tx 2.52394 1 2 3 54 
Tx 2.52394 1 2 3 54 
Tx 2.52394 1 2 3 54 
Rx 2.52398 1 1 3 1554 3933280
Rx 2.52398 1 1 3 1554 3933280
Rx 2.52398 1 1 3 1554 3933280
Rx 2.52398 1 1 3 1554 3933280
Rx 2.52398 1 1 3 1554 3933280
Rx 2.52398 1 1 3 1554 3933280
Rx 2.52398 1 1 3 1554 3933280
Rx 2.52398 1 1 3 1554 3933280
Rx 2.52398 1 1 3 1554 3933280
Rx 2.52398 1 1 3 1554 3933280
Rx 2.52398 1 1 3 1554 3933280
Tx 2.52405 1 2 3 54 
Tx 2.52405 1 2 3 54 
Tx 2.52405 1 2 3 54 
Tx 2.52405 1 2 3 54 
Tx 2.52405 1 2 3 54 
Tx 2.52405 1 2 3 54 
Tx 2.52405 1 2 3 54 
Tx 2.52405 1 2 3 54 
Tx 2.52405 1 2 3 54 
Tx 2.52405 1 2 3 54 
Rx 2.5241 1 2 3 54 554080
Rx 2.5241 1 2 3 54 554080
Rx 2.5241 1 2 3 54 554080
Rx 2.5241 1 2 3 54 554080
Rx 2.5241 1 2 3 54 554080
Rx 2.5241 1 2 3 54 554080
Rx 2.5241 1 2 3 54 554080
Rx 2.5241 1 2 3 54 554080
Rx 2.5241 1 2 3 54 554080
Rx 2.5241 1 2 3 54 445760
Rx 2.5241 1 2 3 54 445760
Rx 2.5241 1 2 3 54 445760
Rx 2.5241 1 2 3 54 445760
Rx 2.5241 1 2 3 54 445760
Rx 2.5241 1 2 3 54 445760
Rx 2.5241 1 2 3 54 445760
Rx 2.5241 1 2 3 54 445760
Rx 2.5241 1 2 3 54 445760
Rx 2.5241 1 2 3 54 445760
Rx 2.5241 1 2 3 54 445760
Rx 2.5241 1 2 3 54 445760
Rx 2.5241 1 2 3 54 349920
Rx 2.5241 1 2 3 54 349920
Rx 2.5241 1 2 3 54 349920
Rx 2.5241 1 2 3 54 349920
Rx 2.5241 1 2 3 54 349920
Rx 2.5241 1 2 3 54 349920
Rx 2.5241 1 2 3 54 349920
Rx 2.5241 1 2 3 54 349920
Rx 2.5241 1 2 3 54 349920
Rx 2.5241 1 2 3 54 349920
Rx 2.5241 1 2 3 54 349920
Rx 2.5241 1 2 3 54 254080
Rx 2.5241 1 2 3 54 254080
Rx 2.5241 1 2 3 54 254080
Rx 2.5241 1 2 3 54 254080
Rx 2.5241 1 2 3 54 254080
Rx 2.5241 1 2 3 54 254080
Rx 2.5241 1 2 3 54 254080
Rx 2.5241 1 2 3 54 254080
Rx 2.5241 1 2 3 54 254080
Rx 2.5241 1 2 3 54 254080
Rx 2.5241 1 2 3 54 254080
Tx 2.52415 1 2 3 54 
Tx 2.52415 1 2 3 54 
Tx 2.52415 1 2 3 54 
Tx 2.52415 1 2 3 54 
Tx 2.52415 1 2 3 54 
Tx 2.52415 1 2 3 54 
Tx 2.52415 1 2 3 54 
Tx 2.52415 1 2 3 54 
Tx 2.52415 1 2 3 54 
Tx 2.52415 1 2 3 54 
Rx 2.52419 1 1 3 1554 4137440
Rx 2.52419 1 1 3 1554 4137440
Rx 2.52419 1 1 3 1554 4137440
Rx 2.52419 1 1 3 1554 4137440
Rx 2.52419 1 1 3 1554 4137440
Rx 2.52419 1 1 3 1554 4137440
Rx 2.52419 1 1 3 1554 4137440
Rx 2.52419 1 1 3 1554 4137440
Rx 2.52419 1 1 3 1554 4137440
Rx 2.52419 1 1 3 1554 4137440
Rx 2.52427 1 1 3 1554 4224960
Rx 2.52427 1 1 3 1554 4224960
Rx 2.52427 1 1 3 1554 4224960
Rx 2.52427 1 1 3 1554 4224960
Rx 2.52427 1 1 3 1554 4224960
Rx 2.52427 1 1 3 1554 4224960
Rx 2.52427 1 1 3 1554 4224960
Tx 2.52435 1 2 3 54 
Tx 2.52435 1 2 3 54 
Tx 2.52435 1 2 3 54 
Tx 2.52435 1 2 3 54 
Tx 2.52435 1 2 3 54 
Tx 2.52435 1 2 3 54 
Tx 2.52435 1 2 3 54 
Tx 2.52435 1 2 3 54 
Tx 2.52435 1 2 3 54 
Tx 2.52435 1 2 3 54 
Rx 2.52438 1 1 3 1554 4333280
Rx 2.52438 1 1 3 1554 4333280
Rx 2.52438 1 1 3 1554 4333280
Rx 2.52438 1 1 3 1554 4333280
Rx 2.52438 1 1 3 1554 4333280
Rx 2.52438 1 1 3 1554 4333280
Rx 2.52438 1 1 3 1554 4333280
Rx 2.52438 1 1 3 1554 4333280
Rx 2.52438 1 1 3 1554 4333280
Tx 2.52445 1 2 3 54 
Tx 2.52445 1 2 3 54 
Tx 2.52445 1 2 3 54 
Tx 2.52445 1 2 3 54 
Tx 2.52445 1 2 3 54 
Tx 2.52445 1 2 3 54 
Tx 2.52445 1 2 3 54 
Tx 2.52445 1 2 3 54 
Tx 2.52445 1 2 3 54 
Tx 2.52445 1 2 3 54 
Rx 2.52449 1 1 3 1554 4437440
Rx 2.52449 1 1 3 1554 4437440
Rx 2.52449 1 1 3 1554 4437440
Rx 2.52449 1 1 3 1554 4437440
Rx 2.52449 1 1 3 1554 4437440
Rx 2.52449 1 1 3 1554 4437440
Rx 2.52449 1 1 3 1554 4437440
Rx 2.52449 1 1 3 1554 4437440
Rx 2.52449 1 1 3 1554 4437440
Rx 2.52449 1 1 3 1554 4437440
Rx 2.5245 1 2 3 54 554080
Rx 2.5245 1 2 3 54 554080
Rx 2.5245 1 2 3 54 554080
Rx 2.5245 1 2 3 54 554080
Rx 2.5245 1 2 3 54 554080
Rx 2.5245 1 2 3 54 554080
Rx 2.5245 1 2 3 54 554080
Rx 2.5245 1 2 3 54 554080
Rx 2.5245 1 2 3 54 554080
Rx 2.5245 1 2 3 54 554080
Rx 2.5245 1 2 3 54 445760
Rx 2.5245 1 2 3 54 445760
Rx 2.5245 1 2 3 54 445760
Rx 2.5245 1 2 3 54 445760
Rx 2.5245 1 2 3 54 445760
Rx 2.5245 1 2 3 54 445760
Rx 2.5245 1 2 3 54 445760
Rx 2.5245 1 2 3 54 445760
Rx 2.5245 1 2 3 54 445760
Rx 2.5245 1 2 3 54 445760
Rx 2.5245 1 2 3 54 349920
Rx 2.5245 1 2 3 54 349920
Rx 2.5245 1 2 3 54 349920
Rx 2.5245 1 2 3 54 349920
Rx 2.5245 1 2 3 54 349920
Rx 2.5245 1 2 3 54 349920
Rx 2.5245 1 2 3 54 349920
Rx 2.5245 1 2 3 54 349920
Rx 2.5245 1 2 3 54 349920
Rx 2.5245 1 2 3 54 349920
Tx 2.52455 1 2 3 54 
Tx 2.52455 1 2 3 54 
Tx 2.52455 1 2 3 54 
Tx 2.52455 1 2 3 54 
Tx 2.52455 1 2 3 54 
Tx 2.52455 1 2 3 54 
Tx 2.52455 1 2 3 54 
Tx 2.52455 1 2 3 54 
Tx 2.52455 1 2 3 54 
Tx 2.52455 1 2 3 54 
Rx 2.52459 1 1 3 1554 4541600
Rx 2.52459 1 1 3 1554 4541600
Rx 2.52459 1 1 3 1554 4541600
Rx 2.52459 1 1 3 1554 4541600
Rx 2.52459 1 1 3 1554 4541600
Rx 2.52459 1 1 3 1554 4541600
Rx 2.52459 1 1 3 1554 4541600
Rx 2.52459 1 1 3 1554 4541600
Rx 2.52459 1 1 3 1554 4541600
Rx 2.52459 1 1 3 1554 4541600
Rx 2.52459 1 1 3 1554 4541600
Tx 2.52465 1 2 3 54 
Tx 2.52465 1 2 3 54 
Tx 2.52465 1 2 3 54 
Tx 2.52465 1 2 3 54 
Tx 2.52465 1 2 3 54 
Tx 2.52465 1 2 3 54 
Tx 2.52465 1 2 3 54 
Tx 2.52465 1 2 3 54 
Tx 2.52465 1 2 3 54 
Tx 2.52465 1 2 3 54 
Rx 2.52469 1 1 3 1554 4637440
Rx 2.52469 1 1 3 1554 4637440
Rx 2.52469 1 1 3 1554 4637440
Rx 2.52469 1 1 3 1554 4637440
Rx 2.52469 1 1 3 1554 4637440
Rx 2.52469 1 1 3 1554 4637440
Rx 2.52469 1 1 3 1554 4637440
Rx 2.52469 1 1 3 1554 4637440
Tx 2.52474 1 2 3 54 
Tx 2.52474 1 2 3 54 
Tx 2.52474 1 2 3 54 
Tx 2.52474 1 2 3 54 
Tx 2.52474 1 2 3 54 
Tx 2.52474 1 2 3 54 
Tx 2.52474 1 2 3 54 
Tx 2.52474 1 2 3 54 
Tx 2.52474 1 2 3 54 
Tx 2.52474 1 2 3 54 
Tx 2.52485 1 2 3 54 
Tx 2.52485 1 2 3 54 
Tx 2.52485 1 2 3 54 
Tx 2.52485 1 2 3 54 
Tx 2.52485 1 2 3 54 
Tx 2.52485 1 2 3 54 
Tx 2.52485 1 2 3 54 
Tx 2.52485 1 2 3 54 
Tx 2.52485 1 2 3 54 
Tx 2.52485 1 2 3 54 
Rx 2.52489 1 2 3 54 545760
Rx 2.52489 1 2 3 54 545760
Rx 2.52489 1 2 3 54 545760
Rx 2.52489 1 2 3 54 545760
Rx 2.52489 1 2 3 54 545760
Rx 2.52489 1 2 3 54 545760
Rx 2.52489 1 2 3 54 545760
Rx 2.52489 1 2 3 54 545760
Rx 2.52489 1 2 3 54 545760
Rx 2.52489 1 2 3 54 545760
Rx 2.52489 1 2 3 54 445760
Rx 2.52489 1 2 3 54 445760
Rx 2.52489 1 2 3 54 445760
Rx 2.52489 1 2 3 54 445760
Rx 2.52489 1 2 3 54 445760
Rx 2.52489 1 2 3 54 445760
Rx 2.52489 1 2 3 54 445760
Rx 2.52489 1 2 3 54 445760
Rx 2.52489 1 2 3 54 445760
Rx 2.52489 1 2 3 54 445760
Rx 2.52489 1 2 3 54 341600
Rx 2.52489 1 2 3 54 341600
Rx 2.52489 1 2 3 54 341600
Rx 2.52489 1 2 3 54 341600
Rx 2.52489 1 2 3 54 341600
Rx 2.52489 1 2 3 54 341600
Rx 2.52489 1 2 3 54 341600
Rx 2.52489 1 2 3 54 341600
Rx 2.52489 1 2 3 54 341600
Rx 2.52489 1 2 3 54 341600
Rx 2.52489 1 2 3 54 245760
Rx 2.52489 1 2 3 54 245760
Rx 2.52489 1 2 3 54 245760
Rx 2.52489 1 2 3 54 245760
Rx 2.52489 1 2 3 54 245760
Rx 2.52489 1 2 3 54 245760
Rx 2.52489 1 2 3 54 245760
Rx 2.52489 1 2 3 54 245760
Rx 2.52489 1 2 3 54 245760
Rx 2.52489 1 2 3 54 245760
Tx 2.52495 1 2 3 54 
Tx 2.52495 1 2 3 54 
Tx 2.52495 1 2 3 54 
Tx 2.52495 1 2 3 54 
Tx 2.52495 1 2 3 54 
Tx 2.52495 1 2 3 54 
Tx 2.52495 1 2 3 54 
Tx 2.52495 1 2 3 54 
Tx 2.52495 1 2 3 54 
Tx 2.52495 1 2 3 54 
Tx 2.52505 1 2 3 54 
Tx 2.52505 1 2 3 54 
Tx 2.52505 1 2 3 54 
Tx 2.52505 1 2 3 54 
Tx 2.52505 1 2 3 54 
Tx 2.52505 1 2 3 54 
Tx 2.52505 1 2 3 54 
Tx 2.52515 1 2 3 54 
Tx 2.52515 1 2 3 54 
Tx 2.52515 1 2 3 54 
Tx 2.52515 1 2 3 54 
Tx 2.52515 1 2 3 54 
Tx 2.52515 1 2 3 54 
Tx 2.52515 1 2 3 54 
Tx 2.52515 1 2 3 54 
Rx 2.5253 1 2 3 54 554080
Rx 2.5253 1 2 3 54 554080
Rx 2.5253 1 2 3 54 554080
Rx 2.5253 1 2 3 54 554080
Rx 2.5253 1 2 3 54 554080
Rx 2.5253 1 2 3 54 554080
Rx 2.5253 1 2 3 54 554080
Rx 2.5253 1 2 3 54 554080
Rx 2.5253 1 2 3 54 554080
Rx 2.5253 1 2 3 54 554080
Rx 2.5253 1 2 3 54 449920
Rx 2.5253 1 2 3 54 449920
Rx 2.5253 1 2 3 54 449920
Rx 2.5253 1 2 3 54 449920
Rx 2.5253 1 2 3 54 449920
Rx 2.5253 1 2 3 54 449920
Rx 2.5253 1 2 3 54 449920
Rx 2.5253 1 2 3 54 449920
Rx 2.5253 1 2 3 54 449920
Rx 2.5253 1 2 3 54 449920
Rx 2.5253 1 2 3 54 349920
Rx 2.5253 1 2 3 54 349920
Rx 2.5253 1 2 3 54 349920
Rx 2.5253 1 2 3 54 349920
Rx 2.5253 1 2 3 54 349920
Rx 2.5253 1 2 3 54 349920
Rx 2.5253 1 2 3 54 349920
Rx 2.5253 1 2 3 54 349920
Rx 2.5253 1 2 3 54 349920
Rx 2.5253 1 2 3 54 349920
Rx 2.5253 1 2 3 54 249920
Rx 2.5253 1 2 3 54 249920
Rx 2.5253 1 2 3 54 249920
Rx 2.5253 1 2 3 54 249920
Rx 2.5253 1 2 3 54 249920
Rx 2.5253 1 2 3 54 249920
Rx 2.5253 1 2 3 54 249920
Tx 2.52535 1 2 3 54 
Tx 2.52535 1 2 3 54 
Tx 2.52535 1 2 3 54 
Tx 2.52535 1 2 3 54 
Tx 2.52535 1 2 3 54 
Tx 2.52535 1 2 3 54 
Tx 2.52535 1 2 3 54 
Tx 2.52535 1 2 3 54 
Tx 2.52535 1 2 3 54 
Tx 2.52535 1 2 3 54 
Tx 2.52544 1 2 3 54 
Tx 2.52544 1 2 3 54 
Tx 2.52544 1 2 3 54 
Tx 2.52544 1 2 3 54 
Tx 2.52544 1 2 3 54 
Tx 2.52544 1 2 3 54 
Tx 2.52544 1 2 3 54 
Tx 2.52544 1 2 3 54 
Tx 2.52554 1 2 3 54 
Tx 2.52554 1 2 3 54 
Tx 2.52554 1 2 3 54 
Tx 2.52554 1 2 3 54 
Tx 2.52554 1 2 3 54 
Tx 2.52554 1 2 3 54 
Tx 2.52554 1 2 3 54 
Tx 2.52554 1 2 3 54 
Tx 2.52554 1 2 3 54 
Tx 2.52554 1 2 3 54 
Tx 2.52562 1 2 3 54 
Tx 2.52562 1 2 3 54 
Tx 2.52562 1 2 3 54 
Rx 2.5257 1 2 3 54 549920
Rx 2.5257 1 2 3 54 549920
Rx 2.5257 1 2 3 54 549920
Rx 2.5257 1 2 3 54 549920
Rx 2.5257 1 2 3 54 549920
Rx 2.5257 1 2 3 54 549920
Rx 2.5257 1 2 3 54 549920
Rx 2.5257 1 2 3 54 549920
Rx 2.5257 1 2 3 54 349920
Rx 2.5257 1 2 3 54 349920
Rx 2.5257 1 2 3 54 349920
Rx 2.5257 1 2 3 54 349920
Rx 2.5257 1 2 3 54 349920
Rx 2.5257 1 2 3 54 349920
Rx 2.5257 1 2 3 54 349920
Rx 2.5257 1 2 3 54 349920
Rx 2.5257 1 2 3 54 349920
Rx 2.5257 1 2 3 54 349920
Rx 2.5257 1 2 3 54 254080
Rx 2.5257 1 2 3 54 254080
Rx 2.5257 1 2 3 54 254080
Rx 2.5257 1 2 3 54 254080
Rx 2.5257 1 2 3 54 254080
Rx 2.5257 1 2 3 54 254080
Rx 2.5257 1 2 3 54 254080
Rx 2.5257 1 2 3 54 254080
Rx 2.52603 1 2 3 54 487520
Rx 2.52603 1 2 3 54 487520
Rx 2.52603 1 2 3 54 487520
Rx 2.52603 1 2 3 54 487520
Rx 2.52603 1 2 3 54 487520
Rx 2.52603 1 2 3 54 487520
Rx 2.52603 1 2 3 54 487520
Rx 2.52603 1 2 3 54 487520
Rx 2.52603 1 2 3 54 487520
Rx 2.52603 1 2 3 54 487520
Rx 2.52603 1 2 3 54 408320
Rx 2.52603 1 2 3 54 408320
Rx 2.52603 1 2 3 54 408320
Tx 4.00099 1 1 3 230 
Rx 4.00131 1 1 3 230 320791
Tx 7.00811 1 1 3 230 
Rx 7.00851 1 1 3 230 398098
Tx 8.72562 1 2 3 1054 
Rx 8.72601 1 2 3 1054 387519
